doh,8:01 AM,QR8073,Istanbul (IST),Qatar Cargo,B77L (A7-BFW),Landed 7:56 AM,Wednesday Mar 06,arrivals
doh,8:05 AM,QR1195,Al-Qassim (ELQ),Qatar Airways,A320 (A7-AHR),Unknown,Wednesday Mar 06,arrivals
doh,8:30 AM,QR8029,Guangzhou (CAN),Qatar Cargo,B77L (A7-BFB),Landed 8:37 AM,Wednesday Mar 06,arrivals
doh,8:35 AM,QR643,Dhaka (DAC),Qatar Airways,A333 (A7-AEE),Landed 8:41 AM,Wednesday Mar 06,arrivals
doh,8:45 AM,AH4720,Algiers (ALG),Air Algerie,A332 (7T-VJA),Landed 8:24 AM,Wednesday Mar 06,arrivals
doh,9:00 AM,G9135,Sharjah (SHJ),Air Arabia,A320 (A6-AOH),Landed 8:53 AM,Wednesday Mar 06,arrivals
doh,9:05 AM,FZ1,Dubai (DXB),flydubai,B38M (A6-FKQ),Landed 9:18 AM,Wednesday Mar 06,arrivals
doh,9:10 AM,QR1195,Al-Qassim (ELQ),Qatar Airways,A320 (A7-AHR),Landed 8:27 AM,Wednesday Mar 06,arrivals
doh,9:20 AM,QR8961,Shanghai (PVG),Qatar Cargo,B77L (A7-BFR),Landed 9:37 AM,Wednesday Mar 06,arrivals
doh,9:25 AM,EY393,Abu Dhabi (AUH),Etihad Airways,A321 (A6-AEF),Landed 9:22 AM,Wednesday Mar 06,arrivals
doh,9:30 AM,QR8613,Ahmedabad (AMD),Qatar Cargo,B77L (A7-BFL),Landed 9:15 AM,Wednesday Mar 06,arrivals
doh,9:40 AM,QR8987,Bangkok (BKK),Qatar Cargo,B77L (A7-BFN),Landed 10:18 AM,Wednesday Mar 06,arrivals
doh,10:00 AM,QR8951,Hanoi (HAN),Qatar Cargo,B77L (A7-BFE),Landed 10:24 AM,Wednesday Mar 06,arrivals
doh,10:10 AM,QR611,Karachi (KHI),Qatar Airways,B788 (A7-BCK),Landed 9:59 AM,Wednesday Mar 06,arrivals
doh,10:15 AM,FZ3,Dubai (DXB),flydubai,B738 (A6-FEQ),Landed 10:20 AM,Wednesday Mar 06,arrivals
doh,10:20 AM,IX375,Kozhikode (CCJ),Air India Express (Hans Damayanti Music Livery),B738 (VT-AXP),Landed 10:04 AM,Wednesday Mar 06,arrivals
doh,10:40 AM,IX821,Mangalore (IXE),Air India Express (Himalayan Peaks-Desert Livery),B738 (VT-AXZ),Landed 10:54 AM,Wednesday Mar 06,arrivals
doh,10:45 AM,QR615,Islamabad (ISB),Qatar Airways,A332 (A7-ACS),Landed 10:45 AM,Wednesday Mar 06,arrivals
doh,10:45 AM,QR629,Lahore (LHE),Qatar Airways,A333 (A7-AEJ),Landed 10:57 AM,Wednesday Mar 06,arrivals
doh,11:05 AM,KU617,Kuwait City (KWI),Kuwait Airways,A20N (9K-AKT),Landed 11:00 AM,Wednesday Mar 06,arrivals
doh,11:05 AM,QR8651,Hyderabad (HYD),Qatar Cargo,B77L (A7-BFP),Landed 10:47 AM,Wednesday Mar 06,arrivals
doh,11:10 AM,GF524,Bahrain (BAH),Gulf Air,A21N (A9C-XB),Landed 10:51 AM,Wednesday Mar 06,arrivals
doh,11:25 AM,XY225,Riyadh (RUH),flynas,A20N (HZ-NS42),Landed 11:23 AM,Wednesday Mar 06,arrivals
doh,11:28 AM,Montreal (YUL),Qatar Airways,B77W (A7-BAE),Unknown,Wednesday Mar 06,arrivals
doh,11:35 AM,QR8623,Chennai (MAA),Qatar Cargo,B77L (A7-BFX),Landed 11:04 AM,Wednesday Mar 06,arrivals
doh,11:45 AM,QR1039,Sharjah (SHJ),Qatar Airways,B38M (A7-BSH),Landed 11:31 AM,Wednesday Mar 06,arrivals
doh,11:50 AM,QR839,Bangkok (BKK),Qatar Airways,B788 (A7-BCS),Landed 11:47 AM,Wednesday Mar 06,arrivals
doh,11:50 AM,QR1151,Dammam (DMM),Qatar Airways,A320 (A7-LAE),Landed 11:19 AM,Wednesday Mar 06,arrivals
doh,11:55 AM,QR571,Delhi (DEL),Qatar Airways,B788 (A7-BCA),Landed 11:57 AM,Wednesday Mar 06,arrivals
doh,11:55 AM,QR1103,Bahrain (BAH),Qatar Airways,B38M (A7-BSE),Landed 11:21 AM,Wednesday Mar 06,arrivals
doh,12:00 PM,RB521,Damascus (DAM),Syrian Air,A320 (YK-AKG),Landed 12:03 PM,Wednesday Mar 06,arrivals
doh,12:15 PM,PK285,Peshawar (PEW),Pakistan International Airlines,A320 (AP-BMX),Landed 3:09 PM,Wednesday Mar 06,arrivals
doh,12:15 PM,QR515,Cochin (COK),Qatar Airways (Expo 2023 Doha Livery),A333 (A7-AED),Landed 12:10 PM,Wednesday Mar 06,arrivals
doh,12:15 PM,QR1007,Dubai (DXB),Qatar Airways,A359 (A7-ALK),Landed 12:05 PM,Wednesday Mar 06,arrivals
doh,12:20 PM,QR843,Phuket (HKT),Qatar Airways,B77W (A7-BAL),Landed 12:14 PM,Wednesday Mar 06,arrivals
doh,12:30 PM,QR831,Bangkok (BKK),Qatar Airways,B77W (A7-BEJ),Landed 12:22 PM,Wednesday Mar 06,arrivals
doh,12:30 PM,QR845,Kuala Lumpur (KUL),Qatar Airways,B789 (A7-BHE),Landed 12:25 PM,Wednesday Mar 06,arrivals
doh,12:30 PM,QR1045,Abu Dhabi (AUH),Qatar Airways,B38M (A7-BSB),Landed 12:16 PM,Wednesday Mar 06,arrivals
doh,12:35 PM,QR677,Male (MLE),Qatar Airways (Retro 1997 Livery),B77W (A7-BOC),Landed 12:13 PM,Wednesday Mar 06,arrivals
doh,12:50 PM,RJ652,Amman (AMM),Royal Jordanian,A320 (JY-AYS),Landed 12:15 PM,Wednesday Mar 06,arrivals
doh,12:55 PM,QR8407,Hong Kong (HKG),Qatar Cargo,B77L (A7-BFD),Landed 1:39 PM,Wednesday Mar 06,arrivals
doh,1:00 PM,PK279,Lahore (LHE),Pakistan International Airlines,A320 (AP-BOM),Landed 12:54 PM,Wednesday Mar 06,arrivals
doh,1:00 PM,QR449,Basra (BSR),Qatar Airways,A333 (A7-AEO),Landed 12:41 PM,Wednesday Mar 06,arrivals
doh,1:00 PM,QR983,Hanoi (HAN),Qatar Airways,B789 (A7-BHN),Landed 1:06 PM,Wednesday Mar 06,arrivals
doh,1:00 PM,MS935,Cairo (CAI),Egyptair (85 Years Livery),B738 (SU-GEH),Landed 12:50 PM,Wednesday Mar 06,arrivals
doh,1:00 PM,QR665,Colombo (CMB),Oman Air,A332 (A4O-DA),Landed 1:32 PM,Wednesday Mar 06,arrivals
doh,1:05 PM,QR653,Kathmandu (KTM),Qatar Airways,A332 (A7-ACM),Landed 1:01 PM,Wednesday Mar 06,arrivals
doh,1:05 PM,QR1071,Kuwait City (KWI),Qatar Airways,A320 (A7-AHE),Landed 12:46 PM,Wednesday Mar 06,arrivals
doh,1:10 PM,QR1127,Muscat (MCT),Qatar Airways,B38M (A7-BSF),Landed 1:09 PM,Wednesday Mar 06,arrivals
doh,1:15 PM,QR1171,Riyadh (RUH),Qatar Airways,A359 (A7-ALC),Landed 1:15 PM,Wednesday Mar 06,arrivals
doh,1:15 PM,QR8661,Delhi (DEL),Qatar Cargo,B77L (A7-BFQ),Landed 12:43 PM,Wednesday Mar 06,arrivals
doh,1:20 PM,QR959,Jakarta (CGK),Qatar Airways,B77W (A7-BAO),Landed 1:04 PM,Wednesday Mar 06,arrivals
doh,1:30 PM,QR1023,Dubai (DXB),Qatar Airways,B788 (A7-BCQ),Landed 1:21 PM,Wednesday Mar 06,arrivals
doh,1:35 PM,QR392,Almaty (ALA),Qatar Airways,A320 (A7-LAH),Landed 12:58 PM,Wednesday Mar 06,arrivals
doh,1:35 PM,QR1207,Taif (TIF),Qatar Airways (25 Years of Excellence Sticker),A320 (A7-LAB),Landed 1:50 PM,Wednesday Mar 06,arrivals
doh,1:40 PM,QR1217,Yanbu (YNB),Qatar Airways (25 Years of Excellence Sticker),A320 (A7-LAC),Landed 1:11 PM,Wednesday Mar 06,arrivals
doh,1:45 PM,QR483,Tehran (IKA),Qatar Airways,A359 (A7-ALL),Landed 1:24 PM,Wednesday Mar 06,arrivals
doh,1:45 PM,QR445,Baghdad (BGW),Qatar Airways (25 Years of Excellence Sticker),A320 (A7-LAD),Landed 1:36 PM,Wednesday Mar 06,arrivals
doh,1:50 PM,QR1191,Jeddah (JED),Qatar Airways,B77W (A7-BAY),Landed 1:56 PM,Wednesday Mar 06,arrivals
doh,1:50 PM,QR8067,Hong Kong (HKG),Qatar Cargo,B77L (A7-BFZ),Landed 1:42 PM,Wednesday Mar 06,arrivals
doh,1:55 PM,QR641,Dhaka (DAC),Oman Air,A333 (A4O-DI),Landed 2:14 PM,Wednesday Mar 06,arrivals
doh,2:00 PM,J9115,Kuwait City (KWI),Jazeera Airways,A20N (9K-CBE),Landed 1:45 PM,Wednesday Mar 06,arrivals
doh,2:00 PM,QR661,Colombo (CMB),Qatar Airways,B788 (A7-BDD),Landed 1:47 PM,Wednesday Mar 06,arrivals
doh,2:00 PM,QR943,Singapore (SIN),Qatar Airways,A359 (A7-AMI),Landed 1:54 PM,Wednesday Mar 06,arrivals
doh,2:00 PM,SV540,Riyadh (RUH),Saudia,A320 (HZ-AS75),Landed 1:35 PM,Wednesday Mar 06,arrivals
doh,2:00 PM,QR975,Ho Chi Minh City (SGN),Qatar Airways,B788 (A7-BCD),Landed 1:28 PM,Wednesday Mar 06,arrivals
doh,2:25 PM,QR935,Manila (MNL),Qatar Airways,B77L (A7-BBH),Landed 2:11 PM,Wednesday Mar 06,arrivals
doh,2:30 PM,QR8152,Liege (LGG),Qatar Cargo,B77L (A7-BFS),Landed 3:31 PM,Wednesday Mar 06,arrivals
doh,2:30 PM,QR965,Denpasar (DPS),Qatar Airways,B788 (A7-BCC),Landed 2:09 PM,Wednesday Mar 06,arrivals
doh,2:35 PM,QR1179,Medina (MED),Qatar Airways,B38M (A7-BSD),Landed 2:16 PM,Wednesday Mar 06,arrivals
doh,2:40 PM,G9138,Sharjah (SHJ),Air Arabia,A320 (A6-AOI),Landed 2:34 PM,Wednesday Mar 06,arrivals
doh,2:40 PM,QR1067,Sharjah (SHJ),Qatar Airways,B38M (A7-BSC),Landed 2:24 PM,Wednesday Mar 06,arrivals
doh,2:44 PM,CV2357,Luxembourg (LUX),Cargolux,B744 (LX-ECV),Landed 2:51 PM,Wednesday Mar 06,arrivals
doh,3:10 PM,WY663,Muscat (MCT),Oman Air,B38M (A4O-MK),Landed 3:13 PM,Wednesday Mar 06,arrivals
doh,3:30 PM,QR220,Bucharest (OTP),Qatar Airways (25 Years of Excellence Sticker),A320 (A7-AHH),Landed 2:59 PM,Wednesday Mar 06,arrivals
doh,4:00 PM,FZ17,Dubai (DXB),flydubai,B738 (A6-FEK),Landed 4:15 PM,Wednesday Mar 06,arrivals
doh,4:05 PM,QR264,Warsaw (WAW),Qatar Airways,A320 (A7-AHX),Landed 4:01 PM,Wednesday Mar 06,arrivals
doh,4:15 PM,QR116,Rome (FCO),Qatar Airways,A359 (A7-ALD),Landed 3:50 PM,Wednesday Mar 06,arrivals
doh,4:20 PM,QR60,Munich (MUC),Qatar Airways,B789 (A7-BHA),Landed 3:53 PM,Wednesday Mar 06,arrivals
doh,4:20 PM,QR403,Amman (AMM),Qatar Airways,A320 (A7-AHD),Landed 4:24 PM,Wednesday Mar 06,arrivals
doh,4:25 PM,QR102,Geneva (GVA),Qatar Airways,A359 (A7-ALQ),Landed 4:04 PM,Wednesday Mar 06,arrivals
doh,4:25 PM,QR170,Stockholm (ARN),Qatar Airways,B788 (A7-BCV),Landed 4:27 PM,Wednesday Mar 06,arrivals
doh,4:25 PM,QR190,Vienna (VIE),Qatar Airways,A320 (A7-AHP),Landed 4:17 PM,Wednesday Mar 06,arrivals
doh,4:30 PM,QR94,Zurich (ZRH),Qatar Airways,A359 (A7-ALY),Landed 4:14 PM,Wednesday Mar 06,arrivals
doh,4:30 PM,QR124,Milan (MXP),Qatar Airways,A359 (A7-AMH),Landed 4:22 PM,Wednesday Mar 06,arrivals
doh,4:30 PM,QR202,Budapest (BUD),Qatar Airways,A320 (A7-AHC),Landed 3:56 PM,Wednesday Mar 06,arrivals
doh,4:30 PM,QR290,Prague (PRG),Qatar Airways,A320 (A7-AHU),Landed 4:07 PM,Wednesday Mar 06,arrivals
doh,4:30 PM,QR354,Baku (GYD),Qatar Airways,B38M (A7-BSI),Landed 4:09 PM,Wednesday Mar 06,arrivals
doh,4:35 PM,KU619,Kuwait City (KWI),Kuwait Airways,A20N (9K-AKM),Landed 4:33 PM,Wednesday Mar 06,arrivals
doh,4:35 PM,QR42,Paris (CDG),Qatar Airways,B77W (A7-BAI),Landed 4:48 PM,Wednesday Mar 06,arrivals
doh,4:35 PM,QR162,Copenhagen (CPH),Qatar Airways,B789 (A7-BHD),Landed 4:20 PM,Wednesday Mar 06,arrivals
doh,4:35 PM,QR8099,Brussels (BRU),Qatar Cargo,B77L (A7-BFO),Landed 4:46 PM,Wednesday Mar 06,arrivals
doh,4:40 PM,QR708,Washington (IAD),Qatar Airways,B77W (A7-BEX),Landed 4:28 PM,Wednesday Mar 06,arrivals
doh,4:40 PM,QR780,Sao Paulo (GRU),Qatar Airways,B77L (A7-BBI),Landed 4:34 PM,Wednesday Mar 06,arrivals
doh,4:40 PM,QR88,Dusseldorf (DUS),Qatar Airways (25 Years of Excellence Sticker),B788 (A7-BCZ),Landed 4:25 PM,Wednesday Mar 06,arrivals
doh,4:40 PM,QR138,Barcelona (BCN),Qatar Airways,B789 (A7-BHC),Landed 4:30 PM,Wednesday Mar 06,arrivals
doh,4:40 PM,QR266,Larnaca (LCA),Qatar Airways,A320 (A7-AHI),Landed 4:36 PM,Wednesday Mar 06,arrivals
doh,4:45 PM,QR702,New York (JFK),Qatar Airways,B77W (A7-BEI),Landed 4:12 PM,Wednesday Mar 06,arrivals
doh,4:45 PM,QR80,Berlin (BER),Qatar Airways,B789 (A7-BHM),Landed 4:52 PM,Wednesday Mar 06,arrivals
doh,4:45 PM,QR314,Ankara (ESB),Qatar Airways (25 Years of Excellence Sticker),A320 (A7-AHG),Landed 4:31 PM,Wednesday Mar 06,arrivals
doh,4:50 PM,EY395,Abu Dhabi (AUH),Etihad Airways,A320 (A6-EIV),Landed 5:11 PM,Wednesday Mar 06,arrivals
doh,4:55 PM,QR756,Atlanta (ATL),Qatar Airways (Paris Saint Germain Livery),B77W (A7-BEK),Landed 4:43 PM,Wednesday Mar 06,arrivals
doh,4:55 PM,QR1304,Cairo (CAI),Qatar Airways,B77W (A7-BOE),Landed 5:25 PM,Wednesday Mar 06,arrivals
doh,4:55 PM,QR180,Oslo (OSL),Qatar Airways,B789 (A7-BHI),Landed 4:18 PM,Wednesday Mar 06,arrivals
doh,5:00 PM,QR726,Chicago (ORD),Qatar Airways,B77W (A7-BEW),Landed 5:09 PM,Wednesday Mar 06,arrivals
doh,5:00 PM,QR256,Tbilisi (TBS),Qatar Airways,B38M (A7-BSG),Landed 4:54 PM,Wednesday Mar 06,arrivals
doh,5:00 PM,QR764,Montreal (YUL),Qatar Airways (Oneworld Livery),B77W (A7-BAF),Landed 4:41 PM,Wednesday Mar 06,arrivals
doh,5:05 PM,GF526,Bahrain (BAH),Gulf Air,A20N (A9C-TC),Landed 5:02 PM,Wednesday Mar 06,arrivals
doh,5:05 PM,XY223,Riyadh (RUH),flynas,A20N (HZ-NS67),Landed 5:05 PM,Wednesday Mar 06,arrivals
doh,5:15 PM,QR714,Houston (IAH),Qatar Airways,A35K (A7-ANK),Landed 5:14 PM,Wednesday Mar 06,arrivals
doh,5:15 PM,QR744,Boston (BOS),Qatar Airways,A359 (A7-ALP),Landed 4:50 PM,Wednesday Mar 06,arrivals
doh,5:15 PM,QR730,Dallas (DFW),Qatar Airways,A35K (A7-ANH),Landed 5:35 PM,Wednesday Mar 06,arrivals
doh,5:15 PM,QR738,San Francisco (SFO),Qatar Airways,A35K (A7-ANA),Landed 5:53 PM,Wednesday Mar 06,arrivals
doh,5:20 PM,QR32,Edinburgh (EDI),Qatar Airways,A359 (A7-AMF),Landed 5:19 PM,Wednesday Mar 06,arrivals
doh,5:20 PM,QR1037,Sharjah (SHJ),Qatar Airways,B38M (A7-BSA),Landed 5:12 PM,Wednesday Mar 06,arrivals
doh,5:30 PM,AA120,Philadelphia (PHL),American Airlines,B789 (N829AN),Landed 5:21 PM,Wednesday Mar 06,arrivals
doh,5:30 PM,QR778,Miami (MIA),Qatar Airways,A35K (A7-ANM),Landed 5:32 PM,Wednesday Mar 06,arrivals
doh,5:30 PM,QR20,Dublin (DUB),Qatar Airways (25 Years of Excellence Sticker),B788 (A7-BCY),Landed 6:47 PM,Wednesday Mar 06,arrivals
doh,5:35 PM,QR720,Seattle (SEA),Qatar Airways,B77W (A7-BET),Landed 5:58 PM,Wednesday Mar 06,arrivals
doh,5:35 PM,G9130,Sharjah (SHJ),Air Arabia,A320 (A6-ANO),Landed 5:33 PM,Wednesday Mar 06,arrivals
doh,5:35 PM,IB6701,Madrid (MAD),Iberia,A332 (EC-MNK),Landed 4:56 PM,Wednesday Mar 06,arrivals
doh,5:35 PM,QR22,Manchester (MAN),Qatar Airways,B77W (A7-BAN),Landed 5:38 PM,Wednesday Mar 06,arrivals
doh,5:35 PM,QR1499,Dar-es-Salaam (DAR),Oman Air,A333 (A4O-DH),Landed 5:28 PM,Wednesday Mar 06,arrivals
doh,5:40 PM,QR417,Beirut (BEY),Qatar Airways (25 Years of Excellence Sticker),A320 (A7-AHT),Landed 5:40 PM,Wednesday Mar 06,arrivals
doh,5:45 PM,OV235,Muscat (MCT),SalamAir,A21N (A4O-OXF),Landed 5:45 PM,Wednesday Mar 06,arrivals
doh,5:45 PM,QR6,London (LHR),Qatar Airways,A359 (A7-AMJ),Landed 5:56 PM,Wednesday Mar 06,arrivals
doh,5:50 PM,QR740,Los Angeles (LAX),Qatar Airways,A35K (A7-ANI),Landed 6:03 PM,Wednesday Mar 06,arrivals
doh,5:50 PM,QR1153,Dammam (DMM),Qatar Airways,A320 (A7-AHR),Landed 5:30 PM,Wednesday Mar 06,arrivals
doh,5:50 PM,QR242,Istanbul (SAW),Qatar Airways (25 Years of Excellence Sticker),A320 (A7-LAA),Landed 5:17 PM,Wednesday Mar 06,arrivals
doh,5:55 PM,QR8479,Dubai (DWC),Qatar Cargo,B77L (A7-BFQ),Landed 7:29 PM,Wednesday Mar 06,arrivals
doh,5:55 PM,QR1051,Abu Dhabi (AUH),Qatar Airways,B38M (A7-BSE),Landed 5:44 PM,Wednesday Mar 06,arrivals
doh,6:00 PM,QR240,Istanbul (IST),Qatar Airways,B788 (A7-BCP),Landed 5:23 PM,Wednesday Mar 06,arrivals
doh,6:00 PM,FZ9,Dubai (DXB),flydubai,B738 (A6-FEW),Landed 5:48 PM,Wednesday Mar 06,arrivals
doh,6:10 PM,QR1123,Muscat (MCT),Qatar Airways,B38M (A7-BSH),Landed 6:01 PM,Wednesday Mar 06,arrivals
doh,6:15 PM,QR10,London (LHR),Qatar Airways,A388 (A7-APC),Landed 6:13 PM,Wednesday Mar 06,arrivals
doh,6:15 PM,QR228,Sofia (SOF),Qatar Airways,A320 (A7-LAF),Landed 5:51 PM,Wednesday Mar 06,arrivals
doh,6:25 PM,QR330,London (LGW),Qatar Airways,B788 (A7-BCE),Landed 6:09 PM,Wednesday Mar 06,arrivals
doh,6:30 PM,QR70,Frankfurt (FRA),Qatar Airways,B789 (A7-BHH),Landed 6:11 PM,Wednesday Mar 06,arrivals
doh,6:30 PM,QR204,Athens (ATH),Qatar Airways,A359 (A7-ALF),Landed 6:07 PM,Wednesday Mar 06,arrivals
doh,6:35 PM,6E1325,Kannur (CNN),IndiGo,A320 (VT-IFH),Landed 6:20 PM,Wednesday Mar 06,arrivals
doh,6:45 PM,QR1111,Bahrain (BAH),Qatar Airways (25 Years of Excellence Sticker),A320 (A7-LAD),Landed 6:40 PM,Wednesday Mar 06,arrivals
doh,6:45 PM,6E1143,Hyderabad (HYD),IndiGo,A21N (VT-ILM),Landed 6:42 PM,Wednesday Mar 06,arrivals
doh,6:45 PM,6E1323,Cochin (COK),IndiGo,A20N (VT-IPL),Landed 6:31 PM,Wednesday Mar 06,arrivals
doh,6:50 PM,QR1165,Riyadh (RUH),Qatar Airways,B38M (A7-BSB),Landed 7:01 PM,Wednesday Mar 06,arrivals
doh,6:50 PM,QR232,Belgrade (BEG),Qatar Airways,A320 (A7-AHF),Landed 6:35 PM,Wednesday Mar 06,arrivals
doh,6:55 PM,ME436,Beirut (BEY),MEA,A320 (OD-MRO),Landed 6:44 PM,Wednesday Mar 06,arrivals
doh,6:55 PM,QR1366,Johannesburg (JNB),Qatar Airways,B788 (A7-BCL),Landed 6:32 PM,Wednesday Mar 06,arrivals
doh,7:00 PM,XY511,Jeddah (JED),flynas,A20N (HZ-NS48),Landed 6:33 PM,Wednesday Mar 06,arrivals
doh,7:05 PM,QR8425,Hong Kong (HKG),Qatar Cargo (Moved by People Livery),B77L (A7-BFG),Landed 10:23 PM,Wednesday Mar 06,arrivals
doh,7:10 PM,QR1073,Kuwait City (KWI),Qatar Airways,A333 (A7-AEO),Landed 7:27 PM,Wednesday Mar 06,arrivals
doh,7:10 PM,QR8158,Amsterdam (AMS),Qatar Cargo,B77L (A7-BFK),Landed 7:23 PM,Wednesday Mar 06,arrivals
doh,7:10 PM,G981,Sharjah (SHJ),Air Arabia,A320 (A6-AOT),Landed 7:18 PM,Wednesday Mar 06,arrivals
doh,7:15 PM,6E1436,Delhi (DEL),IndiGo,A320 (VT-IAN),Landed 7:08 PM,Wednesday Mar 06,arrivals
doh,7:40 PM,QR1061,Sharjah (SHJ),Qatar Airways,B38M (A7-BSC),Landed 7:15 PM,Wednesday Mar 06,arrivals
doh,8:05 PM,FZ5,Dubai (DXB),flydubai,B738 (A6-FED),Landed 7:57 PM,Wednesday Mar 06,arrivals
doh,8:30 PM,QR782,Miami (MIA),Qatar Airways,A35K (A7-ANT),Landed 8:17 PM,Wednesday Mar 06,arrivals
doh,8:30 PM,BG125,Chittagong (CGP),Biman Bangladesh Airlines,B77W (S2-AHM),Landed 8:46 PM,Wednesday Mar 06,arrivals
doh,8:30 PM,QR647,Kathmandu (KTM),Qatar Airways,A332 (A7-ACT),Landed 8:43 PM,Wednesday Mar 06,arrivals
doh,8:30 PM,UK285,Mumbai (BOM),Vistara,A21N (VT-TVD),Landed 8:40 PM,Wednesday Mar 06,arrivals
doh,8:30 PM,WY661,Muscat (MCT),Oman Air,B38M (A4O-MF),Landed 8:28 PM,Wednesday Mar 06,arrivals
doh,8:30 PM,3T234,Port Sudan (PZU),Tarco Aviation,B738 (ST-TAA),Landed 7:53 PM,Wednesday Mar 06,arrivals
doh,8:40 PM,QR8188,Chicago (ORD),Qatar Cargo,B77L (A7-BFT),Landed 1:31 AM,Wednesday Mar 06,arrivals
doh,8:50 PM,IX475,Cochin (COK),Air India Express,A20N (VT-ATD),Landed 9:12 PM,Wednesday Mar 06,arrivals
doh,8:50 PM,QR8595,Riyadh (RUH),Qatar Cargo,B77L (A7-BFZ),Landed 7:47 PM,Wednesday Mar 06,arrivals
doh,9:10 PM,QR276,Amsterdam (AMS),Qatar Airways,B77W (A7-BED),Landed 8:52 PM,Wednesday Mar 06,arrivals
doh,9:15 PM,AI981,Mumbai (BOM),Air India,A20N (VT-CIG),Landed 9:15 PM,Wednesday Mar 06,arrivals
doh,9:20 PM,GF530,Bahrain (BAH),Gulf Air,A320 (A9C-AC),Landed 9:37 PM,Wednesday Mar 06,arrivals
doh,9:20 PM,UL217,Colombo (CMB),SriLankan Airlines,A333 (4R-ALL),Landed 9:20 PM,Wednesday Mar 06,arrivals
doh,9:20 PM,IX773,Kannur (CNN),Air India Express (White Tiger/Spotted Deer),B738 (VT-AYB),Landed 8:57 PM,Wednesday Mar 06,arrivals
doh,9:35 PM,AI971,Delhi (DEL),Air India,A321 (VT-PPW),Landed 9:47 PM,Wednesday Mar 06,arrivals
doh,9:40 PM,QR1035,Sharjah (SHJ),Qatar Airways (25 Years of Excellence Sticker),A320 (A7-LAC),Landed 9:33 PM,Wednesday Mar 06,arrivals
doh,9:40 PM,QR1181,Medina (MED),Qatar Airways (25 Years of Excellence Sticker),A320 (A7-LAB),Landed 9:25 PM,Wednesday Mar 06,arrivals
doh,9:40 PM,FZ19,Dubai (DXB),flydubai,B38M (A6-FKG),Landed 9:42 PM,Wednesday Mar 06,arrivals
doh,9:45 PM,EY391,Abu Dhabi (AUH),Etihad Airways,A320 (A6-EIS),Landed 9:45 PM,Wednesday Mar 06,arrivals
doh,9:45 PM,QR774,Sao Paulo (GRU),Qatar Airways,B77W (A7-BAQ),Landed 10:30 PM,Wednesday Mar 06,arrivals
doh,9:50 PM,QR706,New York (JFK),Qatar Airways,B77W (A7-BEV),Landed 9:30 PM,Wednesday Mar 06,arrivals
doh,9:50 PM,QR1173,Riyadh (RUH),Qatar Airways,B38M (A7-BSD),Landed 9:35 PM,Wednesday Mar 06,arrivals
doh,9:55 PM,QR1187,Jeddah (JED),Qatar Airways,B77W (A7-BEJ),Landed 9:49 PM,Wednesday Mar 06,arrivals
doh,10:05 PM,QR675,Male (MLE),Qatar Airways,B77W (A7-BOA),Landed 9:18 PM,Wednesday Mar 06,arrivals
doh,10:15 PM,QR1362,Maputo (MPM),Qatar Airways,B788 (A7-BCM),Landed 10:13 PM,Wednesday Mar 06,arrivals
doh,10:20 PM,QR340,Moscow (SVO),Qatar Airways (25 Years of Excellence Sticker),B788 (A7-BCW),Landed 9:59 PM,Wednesday Mar 06,arrivals
doh,10:20 PM,QR222,Bucharest (OTP),Qatar Airways,A320 (A7-AHB),Landed 9:52 PM,Wednesday Mar 06,arrivals
doh,10:25 PM,QR732,Dallas (DFW),Qatar Airways (25 Years of Excellence Sticker),B77L (A7-BBC),Landed 10:02 PM,Wednesday Mar 06,arrivals
doh,10:25 PM,QR989,Melbourne (MEL),Qatar Airways,B77W (A7-BEQ),Landed 9:56 PM,Wednesday Mar 06,arrivals
doh,10:30 PM,BS333,Dhaka (DAC),US-Bangla Airlines,B738 (S2-AJG),Landed 11:01 PM,Wednesday Mar 06,arrivals
doh,10:35 PM,QR835,Bangkok (BKK),Qatar Airways,A388 (A7-APH),Landed 10:45 PM,Wednesday Mar 06,arrivals
doh,10:40 PM,QR853,Kuala Lumpur (KUL),Qatar Airways,B788 (A7-BCG),Landed 10:22 PM,Wednesday Mar 06,arrivals
doh,10:40 PM,QR1053,Abu Dhabi (AUH),Qatar Airways,B38M (A7-BSA),Landed 10:18 PM,Wednesday Mar 06,arrivals
doh,10:45 PM,QR86,Dusseldorf (DUS),Qatar Airways,B788 (A7-BCF),Landed 10:28 PM,Wednesday Mar 06,arrivals
doh,10:45 PM,QR292,Prague (PRG),Qatar Airways,B788 (A7-BCO),Unknown,Wednesday Mar 06,arrivals
doh,10:45 PM,QR931,Angeles City (CRK),Qatar Airways,B788 (A7-BCJ),Landed 10:25 PM,Wednesday Mar 06,arrivals
doh,10:45 PM,QR1408,Lagos (LOS),Qatar Airways,B789 (A7-BHG),Landed 9:40 PM,Wednesday Mar 06,arrivals
doh,10:45 PM,MF845,Beijing (PKX),Xiamen Air,B789 (B-1567),Landed 10:38 PM,Wednesday Mar 06,arrivals
doh,10:50 PM,QR82,Berlin (BER),Qatar Airways,B789 (A7-BHJ),Landed 10:34 PM,Wednesday Mar 06,arrivals
doh,10:50 PM,QR184,Vienna (VIE),Qatar Airways,A359 (A7-ALV),Landed 10:20 PM,Wednesday Mar 06,arrivals
doh,10:50 PM,QR963,Denpasar (DPS),Qatar Airways,A35K (A7-AOD),Landed 10:08 PM,Wednesday Mar 06,arrivals
doh,10:50 PM,CZ997,Guangzhou (CAN),China Southern Airlines,789,Canceled,Wednesday Mar 06,arrivals
doh,10:55 PM,QR1384,Entebbe (EBB),Qatar Airways (25 Years of Excellence Sticker),B788 (A7-BCB),Landed 10:36 PM,Wednesday Mar 06,arrivals
doh,10:55 PM,QR1456,Lusaka (LUN),Qatar Airways,B788 (A7-BCU),Landed 10:32 PM,Wednesday Mar 06,arrivals
doh,10:55 PM,QR132,Rome (FCO),Qatar Airways,A359 (A7-ALX),Landed 10:15 PM,Wednesday Mar 06,arrivals
doh,11:00 PM,QR679,Victoria (SEZ),Qatar Airways,B77L (A7-BBA),Landed 11:02 PM,Wednesday Mar 06,arrivals
doh,11:00 PM,QR817,Hong Kong (HKG),Qatar Airways,B77W (A7-BOH),Landed 11:04 PM,Wednesday Mar 06,arrivals
doh,11:00 PM,QR957,Jakarta (CGK),Qatar Airways,A359 (A7-ALS),Landed 10:36 PM,Wednesday Mar 06,arrivals
doh,11:00 PM,QR254,Tbilisi (TBS),Qatar Airways,B38M (A7-BSF),Landed 10:42 PM,Wednesday Mar 06,arrivals
doh,11:05 PM,QR128,Milan (MXP),Qatar Airways,B77W (A7-BAP),Landed 10:57 PM,Wednesday Mar 06,arrivals
doh,11:05 PM,QR218,Zagreb (ZAG),Qatar Airways (Oneworld Livery),A320 (A7-AHO),Landed 10:52 PM,Wednesday Mar 06,arrivals
doh,11:05 PM,QR1019,Dubai (DXB),Qatar Airways,A359 (A7-AMF),Landed 11:03 PM,Wednesday Mar 06,arrivals
doh,11:05 PM,QR260,Warsaw (WAW),Qatar Airways,B788 (A7-BDC),Landed 10:47 PM,Wednesday Mar 06,arrivals
doh,11:10 PM,QR401,Amman (AMM),Oman Air,A333 (A4O-DI),Landed 10:39 PM,Wednesday Mar 06,arrivals
doh,11:10 PM,QR673,Male (MLE),Qatar Airways,B77W (A7-BOD),Landed 10:27 PM,Wednesday Mar 06,arrivals
doh,11:10 PM,QR1364,Johannesburg (JNB),Qatar Airways,A359 (A7-ALE),Landed 11:13 PM,Wednesday Mar 06,arrivals
doh,11:10 PM,AT216,Casablanca (CMN),Royal Air Maroc,B789 (CN-RGX),Landed 10:53 PM,Wednesday Mar 06,arrivals
doh,11:10 PM,QR194,Brussels (BRU),Qatar Airways,A359 (A7-ALH),Unknown,Wednesday Mar 06,arrivals
doh,11:15 PM,QR1109,Bahrain (BAH),Qatar Airways (25 Years of Excellence Sticker),A320 (A7-LAD),Landed 10:45 PM,Wednesday Mar 06,arrivals
doh,11:15 PM,QR1336,Nairobi (NBO),Qatar Airways,B77W (A7-BEB),Landed 10:41 PM,Wednesday Mar 06,arrivals
doh,11:15 PM,QR1400,Tunis (TUN),Oman Air,A333 (A4O-DJ),Landed 11:28 PM,Wednesday Mar 06,arrivals
doh,11:20 PM,QR68,Frankfurt (FRA),Qatar Airways,B77W (A7-BAZ),Landed 11:26 PM,Wednesday Mar 06,arrivals
doh,11:20 PM,QR933,Manila (MNL),Qatar Airways,B77W (A7-BAT),Landed 11:04 PM,Wednesday Mar 06,arrivals
doh,11:20 PM,QR977,Hanoi (HAN),Qatar Airways,B789 (A7-BHF),Landed 11:15 PM,Wednesday Mar 06,arrivals
doh,11:20 PM,QR58,Munich (MUC),Qatar Airways,B789 (A7-BHP),Landed 10:55 PM,Wednesday Mar 06,arrivals
doh,11:20 PM,QR1370,Cape Town (CPT),Qatar Airways,A359 (A7-ALJ),Landed 11:23 PM,Wednesday Mar 06,arrivals
doh,11:20 PM,6E1341,Mumbai (BOM),IndiGo,A20N (VT-IPF),Landed 11:35 PM,Wednesday Mar 06,arrivals
doh,11:25 PM,QR146,Barcelona (BCN),Qatar Airways,B789 (A7-BHK),Landed 10:56 PM,Wednesday Mar 06,arrivals
doh,11:25 PM,QR947,Singapore (SIN),Qatar Airways,A35K (A7-ANQ),Landed 11:11 PM,Wednesday Mar 06,arrivals
doh,11:25 PM,QR1488,Zanzibar (ZNZ),Qatar Airways (Oneworld Livery),A320 (A7-AHL),Landed 10:59 PM,Wednesday Mar 06,arrivals
doh,11:25 PM,6E69,Chennai (MAA),IndiGo,A20N (VT-IIO),Landed 11:17 PM,Wednesday Mar 06,arrivals
doh,11:30 PM,QR96,Zurich (ZRH),Qatar Airways,A359 (A7-AML),Unknown,Wednesday Mar 06,arrivals
doh,11:30 PM,QR1155,Dammam (DMM),Qatar Airways,A320 (A7-LAF),Landed 11:21 PM,Wednesday Mar 06,arrivals
doh,11:30 PM,AY1985,Copenhagen (CPH),Finnair,A333 (OH-LTU),Landed 11:07 PM,Wednesday Mar 06,arrivals
doh,11:30 PM,6E1317,Hyderabad (HYD),IndiGo,A20N (VT-IQI),Landed 12:02 AM,Wednesday Mar 06,arrivals
doh,11:35 PM,QR274,Amsterdam (AMS),Qatar Airways,B77L (A7-BBF),Landed 12:06 AM,Wednesday Mar 06,arrivals
doh,11:35 PM,QR925,Cebu (CEB),Qatar Airways,B788 (A7-BCT),Landed 11:09 PM,Wednesday Mar 06,arrivals
doh,11:35 PM,QR1055,Abu Dhabi (AUH),Qatar Airways,B38M (A7-BSH),Landed 11:24 PM,Wednesday Mar 06,arrivals
doh,11:35 PM,QR1380,Algiers (ALG),Qatar Airways,A333 (A7-AEF),Landed 11:41 PM,Wednesday Mar 06,arrivals
doh,11:40 PM,QR176,Oslo (OSL),Qatar Airways,B789 (A7-BHB),Landed 11:17 PM,Wednesday Mar 06,arrivals
doh,11:40 PM,QR1015,Dubai (DXB),Qatar Airways,A359 (A7-ALM),Landed 11:44 PM,Wednesday Mar 06,arrivals
doh,11:40 PM,MH160,Kuala Lumpur (KUL),Malaysia Airlines,A359 (9M-MAE),Landed 11:37 PM,Wednesday Mar 06,arrivals
doh,11:40 PM,QR52,Lyon (LYS),Qatar Airways,B788 (A7-BCR),Landed 11:19 PM,Wednesday Mar 06,arrivals
doh,11:45 PM,QR40,Paris (CDG),Qatar Airways (25 Years of Excellence Sticker),B77W (A7-BEE),Landed 11:25 PM,Wednesday Mar 06,arrivals
doh,11:45 PM,QR613,Islamabad (ISB),Qatar Airways (25 Years of Excellence Sticker),B788 (A7-BDA),Landed 11:30 PM,Wednesday Mar 06,arrivals
doh,11:45 PM,QR1125,Muscat (MCT),Qatar Airways,B38M (A7-BSE),Landed 11:55 PM,Wednesday Mar 06,arrivals
doh,11:50 PM,BA2033,London (LGW),British Airways,B772 (G-VIIX),Unknown,Wednesday Mar 06,arrivals
doh,11:50 PM,QR847,Phuket (HKT),Qatar Airways,B77W (A7-BOG),Landed 11:29 PM,Wednesday Mar 06,arrivals
doh,11:50 PM,QR971,Ho Chi Minh City (SGN),Qatar Airways (Oneworld Livery),B77W (A7-BAA),Landed 11:53 PM,Wednesday Mar 06,arrivals
doh,11:50 PM,QR1083,Kuwait City (KWI),Qatar Airways,A35K (A7-ANH),Landed 11:57 PM,Wednesday Mar 06,arrivals
doh,11:50 PM,AY1981,Helsinki (HEL),Finnair,A333 (OH-LTT),Landed 11:32 PM,Wednesday Mar 06,arrivals
doh,11:50 PM,AY1983,Stockholm (ARN),Finnair,A333 (OH-LTP),Unknown,Wednesday Mar 06,arrivals
doh,11:50 PM,QR30,Edinburgh (EDI),Qatar Airways,A359 (A7-ALG),Unknown,Wednesday Mar 06,arrivals
doh,11:50 PM,QR34,Birmingham (BHX),Qatar Airways,B788 (A7-BCN),Landed 11:11 PM,Wednesday Mar 06,arrivals
doh,11:55 PM,QR150,Madrid (MAD),Qatar Airways,B77W (A7-BEC),Landed 11:46 PM,Wednesday Mar 06,arrivals
doh,11:55 PM,QR655,Colombo (CMB),Qatar Airways,A359 (A7-ALT),Landed 11:42 PM,Wednesday Mar 06,arrivals
doh,11:55 PM,QR4,London (LHR),Qatar Airways,A388 (A7-API),Landed 11:35 PM,Wednesday Mar 06,arrivals
doh,12:05 AM,QR8106,Brussels (BRU),Qatar Cargo,B77L (A7-BFY),Landed 11:50 PM,Thursday Mar 07,arrivals
doh,12:05 AM,QR28,Manchester (MAN),Qatar Airways,A35K (A7-AOA),Unknown,Thursday Mar 07,arrivals
doh,12:05 AM,QR803,Osaka (KIX),Qatar Airways,A359 (A7-ALA),Landed 11:54 PM,Thursday Mar 07,arrivals
doh,12:05 AM,QR833,Bangkok (BKK),Qatar Airways,B77W (A7-BEA),Landed 11:58 PM,Thursday Mar 07,arrivals
doh,12:05 AM,QR1302,Cairo (CAI),Qatar Airways,A359 (A7-ALK),Landed 12:28 AM,Thursday Mar 07,arrivals
doh,12:05 AM,QR1432,Abuja (ABV),Qatar Airways,B788 (A7-BCI),Landed 10:50 PM,Thursday Mar 07,arrivals
doh,12:05 AM,QR18,Dublin (DUB),Qatar Airways (25 Years of Excellence Sticker),B788 (A7-BCX),Landed 11:39 PM,Thursday Mar 07,arrivals
doh,12:05 AM,QR208,Athens (ATH),Qatar Airways,A320 (A7-LAE),Landed 11:56 PM,Thursday Mar 07,arrivals
doh,12:10 AM,QR427,Beirut (BEY),Qatar Airways,A333 (A7-AEE),Landed 12:33 AM,Thursday Mar 07,arrivals
doh,12:10 AM,QR461,Najaf (NJF),Qatar Airways,A320 (A7-AHR),Landed 12:00 AM,Thursday Mar 07,arrivals
doh,12:15 AM,BA123,London (LHR),British Airways,B772 (G-YMMN),Landed 1:04 AM,Thursday Mar 07,arrivals
doh,12:15 AM,QR443,Baghdad (BGW),Qatar Airways,B38M (A7-BSG),Landed 11:52 PM,Thursday Mar 07,arrivals
doh,12:15 AM,QR8473,Dammam (DMM),Qatar Cargo,B77L (A7-BFS),Landed 1:18 AM,Thursday Mar 07,arrivals
doh,12:15 AM,QR244,Istanbul (SAW),Qatar Airways,A320 (A7-LAH),Landed 12:21 AM,Thursday Mar 07,arrivals
doh,12:20 AM,QR246,Istanbul (IST),Qatar Airways (Expo 2023 Doha Livery),A333 (A7-AED),Landed 12:30 AM,Thursday Mar 07,arrivals
doh,12:20 AM,QR499,Tehran (IKA),Qatar Airways,A359 (A7-ALR),Landed 12:04 AM,Thursday Mar 07,arrivals
doh,12:20 AM,QR921,Auckland (AKL),Qatar Airways,A35K (A7-ANN),Landed 11:46 PM,Thursday Mar 07,arrivals
doh,12:25 AM,QR451,Erbil (EBL),Qatar Airways,B38M (A7-BSI),Landed 12:11 AM,Thursday Mar 07,arrivals
doh,12:25 AM,QR1189,Jeddah (JED),Qatar Airways,A359 (A7-ALD),Landed 12:02 AM,Thursday Mar 07,arrivals
doh,12:35 AM,QR8,London (LHR),Qatar Airways,A35K (A7-ANO),Unknown,Thursday Mar 07,arrivals
doh,12:45 AM,H9563,Kathmandu (KTM),Himalaya Airlines,A319 (9N-AJK),Landed 1:35 AM,Thursday Mar 07,arrivals
doh,12:50 AM,QR1169,Riyadh (RUH),Qatar Airways (Retro 1997 Livery),B77W (A7-BOC),Landed 12:53 AM,Thursday Mar 07,arrivals
doh,1:00 AM,PC600,Istanbul (SAW),Pegasus,A21N (TC-RBR),Landed 12:57 AM,Thursday Mar 07,arrivals
doh,1:05 AM,TK780,Istanbul (IST),Turkish Airlines,A21N (TC-LSM),Landed 12:46 AM,Thursday Mar 07,arrivals
doh,1:35 AM,QR1308,Cairo (CAI),Qatar Airways,B788 (A7-BDD),Landed 1:48 AM,Thursday Mar 07,arrivals
doh,1:40 AM,QR8202,Amsterdam (AMS),Qatar Cargo,B77L (A7-BFW),Landed 1:13 AM,Thursday Mar 07,arrivals
doh,2:15 AM,QR8467,Hong Kong (HKG),Qatar Cargo,B77L (A7-BTA),Landed 1:58 AM,Thursday Mar 07,arrivals
doh,2:25 AM,QR8252,Paris (CDG),AirACT,B744 (TC-ACR),Landed 2:49 AM,Thursday Mar 07,arrivals
doh,2:35 AM,EY399,Abu Dhabi (AUH),Etihad Airways,A320 (A6-EIH),Landed 2:26 AM,Thursday Mar 07,arrivals
doh,2:40 AM,WY667,Muscat (MCT),Oman Air,B38M (A4O-MF),Landed 2:24 AM,Thursday Mar 07,arrivals
doh,2:45 AM,QR8292,Basel (BSL),Qatar Cargo,B77L (A7-BFC),Landed 3:07 AM,Thursday Mar 07,arrivals
doh,2:55 AM,AI953,Cochin (COK),Air India,A320 (VT-EDC),Landed 2:30 AM,Thursday Mar 07,arrivals
doh,3:05 AM,QR8008,Houston (IAH),Qatar Cargo,B77L (A7-BFA),Landed 8:29 AM,Thursday Mar 07,arrivals
doh,3:40 AM,QR841,Phuket (HKT),Qatar Airways,B77W (A7-BOF),Landed 4:50 AM,Thursday Mar 07,arrivals
doh,3:40 AM,QR905,Melbourne (MEL),Qatar Airways,B77W (A7-BEG),Landed 2:57 AM,Thursday Mar 07,arrivals
doh,3:40 AM,RJ650,Amman (AMM),Royal Jordanian (Oneworld livery),A319 (JY-AYP),Landed 3:11 AM,Thursday Mar 07,arrivals
doh,4:05 AM,QR915,Adelaide (ADL),Qatar Airways,B77W (A7-BES),Landed 3:47 AM,Thursday Mar 07,arrivals
doh,4:15 AM,QR8276,Zaragoza (ZAZ),Qatar Cargo,B77L (A7-BFB),Landed 3:42 AM,Thursday Mar 07,arrivals
doh,4:15 AM,G970,Sharjah (SHJ),Air Arabia,A320 (A6-ANQ),Landed 4:03 AM,Thursday Mar 07,arrivals
doh,4:20 AM,QR8228,Frankfurt (FRA),AirACT,B744 (TC-ACM),Landed 4:16 AM,Thursday Mar 07,arrivals
doh,4:20 AM,QR338,Moscow (SVO),Qatar Airways,B788 (A7-BCQ),Landed 4:14 AM,Thursday Mar 07,arrivals
doh,4:25 AM,QR671,Male (MLE),Qatar Airways,A320 (A7-AHY),Landed 3:38 AM,Thursday Mar 07,arrivals
doh,4:35 AM,QR12,London (LHR),Qatar Airways,A35K (A7-ANF),Landed 4:53 AM,Thursday Mar 07,arrivals
doh,4:35 AM,QR72,Frankfurt (FRA),Qatar Airways,B789 (A7-BHE),Landed 4:19 AM,Thursday Mar 07,arrivals
doh,4:40 AM,QR929,Manila (MNL),Qatar Airways,B77W (A7-BAV),Landed 5:01 AM,Thursday Mar 07,arrivals
doh,4:45 AM,QR1494,Zanzibar (ZNZ),Qatar Airways,A320 (A7-AHW),Landed 4:25 AM,Thursday Mar 07,arrivals
doh,4:45 AM,QR8188,Liege (LGG),Qatar Cargo,B77L (A7-BFT),Unknown,Thursday Mar 07,arrivals
doh,4:50 AM,QR909,Sydney (SYD),Qatar Airways,A388 (A7-APE),Landed 4:09 AM,Thursday Mar 07,arrivals
doh,4:50 AM,QR286,Yerevan (EVN),Qatar Airways,A320 (A7-AHX),Landed 4:50 AM,Thursday Mar 07,arrivals
doh,4:50 AM,QR815,Hong Kong (HKG),Qatar Airways,B77W (A7-BOI),Landed 5:03 AM,Thursday Mar 07,arrivals
doh,4:55 AM,QR807,Tokyo (NRT),Qatar Airways,A35K (A7-ANR),Landed 4:06 AM,Thursday Mar 07,arrivals
doh,4:55 AM,QR493,Mashhad (MHD),Qatar Airways,A320 (A7-LAG),Landed 4:31 AM,Thursday Mar 07,arrivals
doh,5:00 AM,QR1424,Accra (ACC),Qatar Airways,B788 (A7-BCH),Landed 4:47 AM,Thursday Mar 07,arrivals
doh,5:00 AM,QR405,Amman (AMM),Qatar Airways,A320 (A7-AHI),Landed 4:57 AM,Thursday Mar 07,arrivals
doh,5:00 AM,QR945,Singapore (SIN),Qatar Airways,A35K (A7-AND),Landed 4:44 AM,Thursday Mar 07,arrivals
doh,5:00 AM,QR961,Denpasar (DPS),Qatar Airways,A35K (A7-AOB),Landed 4:24 AM,Thursday Mar 07,arrivals
doh,5:00 AM,QR955,Jakarta (CGK),Qatar Airways,B77W (A7-BAS),Landed 4:27 AM,Thursday Mar 07,arrivals
doh,5:05 AM,QR645,Kathmandu (KTM),Qatar Airways,B788 (A7-BCS),Landed 4:59 AM,Thursday Mar 07,arrivals
doh,5:05 AM,QR621,Lahore (LHE),Qatar Airways,B788 (A7-BCA),Landed 4:39 AM,Thursday Mar 07,arrivals
doh,5:05 AM,QR535,Ahmedabad (AMD),Qatar Airways,A320 (A7-AHF),Landed 5:18 AM,Thursday Mar 07,arrivals
doh,5:10 AM,QR601,Peshawar (PEW),Qatar Airways (25 Years of Excellence Sticker),A320 (A7-AHH),Landed 5:05 AM,Thursday Mar 07,arrivals
doh,5:10 AM,QR859,Seoul (ICN),Qatar Airways,A35K (A7-AOC),Landed 4:12 AM,Thursday Mar 07,arrivals
doh,5:10 AM,QR881,Chongqing (CKG),Qatar Airways,A333 (A7-AEG),Landed 5:11 AM,Thursday Mar 07,arrivals
doh,5:15 AM,MH164,Kuala Lumpur (KUL),Malaysia Airlines,A333 (9M-MTC),Landed 5:33 AM,Thursday Mar 07,arrivals
doh,5:15 AM,QR605,Karachi (KHI),Qatar Airways (25 Years of Excellence Sticker),B788 (A7-BCY),Landed 5:25 AM,Thursday Mar 07,arrivals
doh,5:15 AM,QR875,Guangzhou (CAN),Qatar Airways,B77W (A7-BAH),Landed 4:45 AM,Thursday Mar 07,arrivals
doh,5:20 AM,QR633,Islamabad (ISB),Qatar Airways,B789 (A7-BHA),Landed 5:15 AM,Thursday Mar 07,arrivals
doh,5:20 AM,QR1306,Cairo (CAI),Qatar Airways,A320 (A7-AHD),Landed 5:09 AM,Thursday Mar 07,arrivals
doh,5:25 AM,QR557,Mumbai (BOM),Qatar Airways,A35K (A7-ANA),Landed 5:23 AM,Thursday Mar 07,arrivals
doh,5:25 AM,QR901,Perth (PER),Qatar Airways,A388 (A7-APJ),Landed 4:35 AM,Thursday Mar 07,arrivals
doh,5:30 AM,QR1117,Bahrain (BAH),Qatar Airways,B38M (A7-BSG),Landed 4:53 AM,Thursday Mar 07,arrivals
doh,5:30 AM,QR631,Sialkot (SKT),Qatar Airways,A320 (A7-AHE),Landed 5:31 AM,Thursday Mar 07,arrivals
doh,5:35 AM,QR837,Bangkok (BKK),Qatar Airways,B77W (A7-BAX),Landed 5:12 AM,Thursday Mar 07,arrivals
doh,5:35 AM,QR871,Shanghai (PVG),Qatar Airways (Oneworld Livery),B77W (A7-BAB),Landed 5:29 AM,Thursday Mar 07,arrivals
doh,5:35 AM,QR1041,Abu Dhabi (AUH),Qatar Airways,B38M (A7-BSF),Landed 5:38 AM,Thursday Mar 07,arrivals
doh,5:35 AM,QR1003,Dubai (DXB),Qatar Airways,B77W (A7-BAQ),Landed 5:39 AM,Thursday Mar 07,arrivals
doh,5:40 AM,QR114,Rome (FCO),Qatar Airways,A359 (A7-AMI),Landed 5:07 AM,Thursday Mar 07,arrivals
doh,5:40 AM,QR118,Milan (MXP),Qatar Airways,A359 (A7-ALB),Unknown,Thursday Mar 07,arrivals
doh,5:40 AM,QR579,Delhi (DEL),Qatar Airways,A359 (A7-ALQ),Landed 5:25 AM,Thursday Mar 07,arrivals
doh,5:40 AM,QR501,Hyderabad (HYD),Qatar Airways,A320 (A7-AHU),Landed 5:47 AM,Thursday Mar 07,arrivals
doh,5:40 AM,QR1157,Dammam (DMM),Qatar Airways,A320 (A7-LAE),Landed 5:23 AM,Thursday Mar 07,arrivals
doh,5:40 AM,QR891,Hangzhou (HGH),Qatar Airways,B77W (A7-BAJ),Landed 5:45 AM,Thursday Mar 07,arrivals
doh,5:45 AM,QR523,Goa (GOI),Qatar Airways,B788 (A7-BCP),Landed 5:06 AM,Thursday Mar 07,arrivals
doh,5:45 AM,QR899,Brisbane (BNE),Qatar Airways,B77W (A7-BEU),Landed 5:13 AM,Thursday Mar 07,arrivals
doh,5:45 AM,QR1406,Lagos (LOS),Qatar Airways,B788 (A7-BDB),Landed 4:55 AM,Thursday Mar 07,arrivals
doh,5:45 AM,QR537,Kozhikode (CCJ),Qatar Airways,A320 (A7-AHA),Landed 5:47 AM,Thursday Mar 07,arrivals
doh,5:45 AM,6E25,Bengaluru (BLR),IndiGo,A20N (VT-IJF),Landed 5:54 AM,Thursday Mar 07,arrivals
doh,5:50 AM,QR591,Nagpur (NAG),Qatar Airways,A320 (A7-AHC),Landed 5:49 AM,Thursday Mar 07,arrivals
doh,5:50 AM,QR477,Shiraz (SYZ),Qatar Airways (25 Years of Excellence Sticker),A320 (A7-LAB),Landed 5:55 AM,Thursday Mar 07,arrivals
doh,5:50 AM,TK782,Istanbul (IST),Turkish Airlines,A21N (TC-LSY),Landed 5:21 AM,Thursday Mar 07,arrivals
doh,5:50 AM,6E1509,Mumbai (BOM),IndiGo,A21N (VT-IMI),Landed 5:45 AM,Thursday Mar 07,arrivals
doh,5:55 AM,QR152,Madrid (MAD),Qatar Airways,A359 (A7-AME),Landed 5:43 AM,Thursday Mar 07,arrivals
doh,5:55 AM,QR164,Copenhagen (CPH),Qatar Airways,B789 (A7-BHN),Landed 5:36 AM,Thursday Mar 07,arrivals
doh,5:55 AM,QR1372,Cape Town (CPT),Qatar Airways,A359 (A7-ALW),Landed 5:34 AM,Thursday Mar 07,arrivals
doh,5:55 AM,QR573,Bengaluru (BLR),Qatar Airways,A35K (A7-ANM),Landed 5:51 AM,Thursday Mar 07,arrivals
doh,5:55 AM,QR517,Cochin (COK),Qatar Airways,A333 (A7-AEJ),Landed 6:05 AM,Thursday Mar 07,arrivals
doh,5:55 AM,6E1307,Delhi (DEL),IndiGo,A20N (VT-IPN),Landed 5:38 AM,Thursday Mar 07,arrivals
doh,6:00 AM,QR142,Barcelona (BCN),Qatar Airways,A359 (A7-ALC),Landed 5:35 AM,Thursday Mar 07,arrivals
doh,6:00 AM,WB300,Kigali (KGL),RwandAir,B738 (9XR-WR),Landed 5:27 AM,Thursday Mar 07,arrivals
doh,6:00 AM,QR529,Chennai (MAA),Qatar Airways,B789 (A7-BHD),Landed 5:29 AM,Thursday Mar 07,arrivals
doh,6:00 AM,QR1077,Kuwait City (KWI),Qatar Airways,A359 (A7-ALV),Landed 5:40 AM,Thursday Mar 07,arrivals
doh,6:00 AM,QR549,Amritsar (ATQ),Qatar Airways (25 Years of Excellence Sticker),A320 (A7-AHG),Landed 5:43 AM,Thursday Mar 07,arrivals
doh,6:00 AM,6E1313,Hyderabad (HYD),IndiGo,A20N (VT-IIK),Landed 5:57 AM,Thursday Mar 07,arrivals
doh,6:10 AM,QR659,Colombo (CMB),Qatar Airways,B788 (A7-BCV),Landed 5:31 AM,Thursday Mar 07,arrivals
doh,6:10 AM,QR893,Beijing (PKX),Qatar Airways,B77W (A7-BAU),Landed 5:20 AM,Thursday Mar 07,arrivals
doh,6:10 AM,QR1428,Addis Ababa (ADD),Qatar Airways (25 Years of Excellence Sticker),A320 (A7-AHT),Landed 6:06 AM,Thursday Mar 07,arrivals
doh,6:10 AM,QR8230,Oslo (OSL),Qatar Cargo,B77L (A7-BFI),Landed 5:48 AM,Thursday Mar 07,arrivals
doh,6:10 AM,QR1149,Muscat (MCT),Oman Air,A333 (A4O-DJ),Landed 6:16 AM,Thursday Mar 07,arrivals
doh,6:10 AM,QR1167,Riyadh (RUH),Qatar Airways (25 Years of Excellence Sticker),B77W (A7-BEE),Landed 6:44 AM,Thursday Mar 07,arrivals
doh,6:15 AM,QR390,Almaty (ALA),Qatar Airways (25 Years of Excellence Sticker),A320 (A7-LAA),Landed 6:01 AM,Thursday Mar 07,arrivals
doh,6:15 AM,QR507,Thiruvananthapuram (TRV),Qatar Airways,A332 (A7-ACM),Landed 5:52 AM,Thursday Mar 07,arrivals
doh,6:20 AM,QR639,Dhaka (DAC),Qatar Airways,B788 (A7-BCC),Landed 6:19 AM,Thursday Mar 07,arrivals
doh,6:25 AM,QR827,Bangkok (BKK),Qatar Airways,B789 (A7-BHO),Landed 6:09 AM,Thursday Mar 07,arrivals
doh,6:30 AM,QR38,Paris (CDG),Qatar Airways,B77W (A7-BAO),Landed 6:32 AM,Thursday Mar 07,arrivals
doh,6:30 AM,QR1183,Jeddah (JED),Qatar Airways,A359 (A7-ALL),Landed 6:11 AM,Thursday Mar 07,arrivals
doh,6:35 AM,QR491,Tehran (IKA),Qatar Airways,A359 (A7-ALS),Landed 6:13 AM,Thursday Mar 07,arrivals
doh,6:35 AM,QR1131,Salalah (SLL),Qatar Airways,B38M (A7-BSD),Landed 6:17 AM,Thursday Mar 07,arrivals
doh,6:35 AM,QR459,Baghdad (BGW),Qatar Airways,B38M (A7-BSE),Landed 6:28 AM,Thursday Mar 07,arrivals
doh,6:45 AM,QR437,Sulaimaniyah (ISU),Qatar Airways (25 Years of Excellence Sticker),A320 (A7-LAC),Landed 6:08 AM,Thursday Mar 07,arrivals
doh,6:45 AM,QR541,Kolkata (CCU),Qatar Airways,A359 (A7-ALP),Landed 6:38 AM,Thursday Mar 07,arrivals
doh,6:45 AM,QR8971,Ho Chi Minh City (SGN),Qatar Cargo,B77L (A7-BFX),Landed 7:00 AM,Thursday Mar 07,arrivals
doh,6:50 AM,QR704,New York (JFK),Qatar Airways,B77W (A7-BEP),Landed 6:22 AM,Thursday Mar 07,arrivals
doh,6:50 AM,QR813,Tokyo (HND),Qatar Airways (Oneworld Livery),A35K (A7-ANE),Landed 6:03 AM,Thursday Mar 07,arrivals
doh,6:50 AM,QR1342,Nairobi (NBO),Qatar Airways,B77L (A7-BBH),Landed 5:58 AM,Thursday Mar 07,arrivals
doh,6:55 AM,QR24,Manchester (MAN),Qatar Airways,B77W (A7-BAL),Landed 6:52 AM,Thursday Mar 07,arrivals
doh,6:55 AM,QR1175,Medina (MED),Qatar Airways,B38M (A7-BSC),Landed 6:26 AM,Thursday Mar 07,arrivals
doh,7:05 AM,QR1368,Johannesburg (JNB),Qatar Airways,A359 (A7-ALN),Landed 6:36 AM,Thursday Mar 07,arrivals
doh,7:10 AM,QR16,London (LHR),Qatar Airways (Oneworld Livery),A359 (A7-ALZ),Landed 6:58 AM,Thursday Mar 07,arrivals
doh,7:10 AM,QR663,Colombo (CMB),Qatar Airways,B788 (A7-BCK),Landed 6:34 AM,Thursday Mar 07,arrivals
doh,7:15 AM,QR710,Washington (IAD),Qatar Airways,A359 (A7-AMG),Landed 6:55 AM,Thursday Mar 07,arrivals
doh,7:25 AM,QR8941,Guangzhou (CAN),Qatar Cargo,B77L (A7-BFE),Landed 7:20 AM,Thursday Mar 07,arrivals
doh,7:30 AM,QR1185,Jeddah (JED),Qatar Airways,A332 (A7-ACS),Landed 7:05 AM,Thursday Mar 07,arrivals
doh,7:34 AM,QR8815,Milan (MXP),Qatar Cargo,B77L (A7-BFL),Landed 8:31 AM,Thursday Mar 07,arrivals
doh,8:35 AM,QR643,Dhaka (DAC),Qatar Airways,A333 (A7-AEN),Landed 9:31 AM,Thursday Mar 07,arrivals
doh,8:40 AM,QR8001,Shenzhen (SZX),Qatar Cargo,B77L (A7-BFD),Landed 9:17 AM,Thursday Mar 07,arrivals
doh,9:00 AM,G9135,Sharjah (SHJ),Air Arabia,A321 (A6-ATI),Landed 9:38 AM,Thursday Mar 07,arrivals
doh,9:05 AM,FZ1,Dubai (DXB),flydubai,B38M (A6-FKK),Landed 9:06 AM,Thursday Mar 07,arrivals
doh,9:25 AM,EY393,Abu Dhabi (AUH),Etihad Airways,A320 (A6-EJA),Landed 9:13 AM,Thursday Mar 07,arrivals
doh,9:25 AM,QR8681,Karachi (KHI),Qatar Cargo (Moved by People Livery),B77L (A7-BFG),Landed 7:33 AM,Thursday Mar 07,arrivals
doh,9:45 AM,QR8003,Shenzhen (SZX),Qatar Cargo,B77L (A7-BFU),Landed 9:28 AM,Thursday Mar 07,arrivals
doh,9:48 AM,TK6108,Istanbul (IST),Turkish Cargo,A332 (TC-JDP),Landed 9:40 AM,Thursday Mar 07,arrivals
doh,10:10 AM,QR611,Karachi (KHI),Qatar Airways,A359 (A7-ALT),Landed 9:58 AM,Thursday Mar 07,arrivals
doh,10:15 AM,FZ3,Dubai (DXB),flydubai,B738 (A6-FES),Landed 9:55 AM,Thursday Mar 07,arrivals
doh,10:15 AM,XY515,Jeddah (JED),flynas,A20N (HZ-NS43),Landed 11:10 AM,Thursday Mar 07,arrivals
doh,10:45 AM,QR615,Islamabad (ISB),Qatar Airways,B788 (A7-BCI),Landed 10:36 AM,Thursday Mar 07,arrivals
doh,10:45 AM,QR629,Lahore (LHE),Qatar Airways,A333 (A7-AEF),Landed 10:38 AM,Thursday Mar 07,arrivals
doh,11:05 AM,KU617,Kuwait City (KWI),Kuwait Airways,A320 (9K-AKF),Landed 10:59 AM,Thursday Mar 07,arrivals
doh,11:10 AM,QR8008,Liege (LGG),Qatar Cargo,B77L (A7-BFA),Unknown,Thursday Mar 07,arrivals
doh,11:10 AM,QR8917,Liege (LGG),Qatar Cargo,B77L (A7-BFM),Landed 10:53 AM,Thursday Mar 07,arrivals
doh,11:10 AM,GF524,Bahrain (BAH),Gulf Air,A20N (A9C-TC),Landed 11:03 AM,Thursday Mar 07,arrivals
doh,11:10 AM,QR8483,Kuwait City (KWI),Qatar Cargo,B77L (A7-BFB),Landed 10:17 AM,Thursday Mar 07,arrivals
doh,11:25 AM,XY225,Riyadh (RUH),flynas,A20N (HZ-NS37),Landed 11:28 AM,Thursday Mar 07,arrivals
doh,11:40 AM,QR8059,Hong Kong (HKG),Qatar Cargo,B77L (A7-BFH),Landed 11:25 AM,Thursday Mar 07,arrivals
doh,11:45 AM,QR1039,Sharjah (SHJ),Qatar Airways,B38M (A7-BSE),Landed 11:37 AM,Thursday Mar 07,arrivals
doh,11:50 AM,QR839,Bangkok (BKK),Qatar Airways (25 Years of Excellence Sticker),B788 (A7-BCZ),Landed 11:33 AM,Thursday Mar 07,arrivals
doh,11:50 AM,QR1151,Dammam (DMM),Qatar Airways,A320 (A7-LAE),Landed 11:22 AM,Thursday Mar 07,arrivals
doh,11:55 AM,QR571,Delhi (DEL),Qatar Airways,B788 (A7-BCL),Landed 11:48 AM,Thursday Mar 07,arrivals
doh,11:55 AM,QR1103,Bahrain (BAH),Qatar Airways,B38M (A7-BSG),Landed 11:45 AM,Thursday Mar 07,arrivals
doh,11:55 AM,SV542,Jeddah (JED),Saudia,A320 (HZ-AS76),Landed 11:42 AM,Thursday Mar 07,arrivals
doh,12:00 PM,J4680,Port Sudan (PZU),Badr Airlines,B735 (C5-BDA),Landed 11:30 AM,Thursday Mar 07,arrivals
doh,12:10 PM,QR8955,Hanoi (HAN),Qatar Cargo,B77L (A7-BFK),Landed 12:47 PM,Thursday Mar 07,arrivals
doh,12:15 PM,QR1007,Dubai (DXB),Qatar Airways,A359 (A7-ALK),Landed 12:10 PM,Thursday Mar 07,arrivals
doh,12:20 PM,QR843,Phuket (HKT),Qatar Airways,B77W (A7-BAI),Landed 12:14 PM,Thursday Mar 07,arrivals
doh,12:30 PM,QR831,Bangkok (BKK),Qatar Airways,B77W (A7-BOE),Landed 12:21 PM,Thursday Mar 07,arrivals
doh,12:30 PM,QR845,Kuala Lumpur (KUL),Qatar Airways,B789 (A7-BHI),Landed 12:01 PM,Thursday Mar 07,arrivals
doh,12:30 PM,QR1045,Abu Dhabi (AUH),Qatar Airways,B38M (A7-BSH),Landed 12:04 PM,Thursday Mar 07,arrivals
doh,12:35 PM,QR677,Male (MLE),Qatar Airways,B77W (A7-BOA),Landed 11:52 AM,Thursday Mar 07,arrivals
doh,12:40 PM,QR1221,Tabuk (TUU),Qatar Airways (25 Years of Excellence Sticker),A320 (A7-LAD),Landed 12:40 PM,Thursday Mar 07,arrivals
doh,12:55 PM,QR1195,Al-Qassim (ELQ),Qatar Airways,A320 (A7-LAF),Landed 12:38 PM,Thursday Mar 07,arrivals
doh,12:55 PM,QR8027,Macau (MFM),Qatar Cargo,B77L (A7-BFQ),Landed 2:52 PM,Thursday Mar 07,arrivals
doh,1:00 PM,QR449,Basra (BSR),Qatar Airways,B788 (A7-BCV),Landed 12:41 PM,Thursday Mar 07,arrivals
doh,1:00 PM,QR983,Hanoi (HAN),Qatar Airways,B789 (A7-BHH),Landed 12:33 PM,Thursday Mar 07,arrivals
doh,1:00 PM,MS935,Cairo (CAI),Egyptair,B738 (SU-GEF),Landed 1:03 PM,Thursday Mar 07,arrivals
doh,1:00 PM,QR665,Colombo (CMB),Oman Air,A332 (A4O-DA),Landed 12:57 PM,Thursday Mar 07,arrivals
doh,1:05 PM,QR653,Kathmandu (KTM),Qatar Airways,B788 (A7-BCG),Landed 1:07 PM,Thursday Mar 07,arrivals
doh,1:05 PM,QR975,Ho Chi Minh City (SGN),Qatar Airways,B788 (A7-BCE),Landed 12:43 PM,Thursday Mar 07,arrivals
doh,1:05 PM,QR1071,Kuwait City (KWI),Qatar Airways,B77L (A7-BBH),Landed 12:52 PM,Thursday Mar 07,arrivals
doh,1:10 PM,QR1127,Muscat (MCT),Qatar Airways,B38M (A7-BSI),Landed 12:54 PM,Thursday Mar 07,arrivals
doh,1:15 PM,QR1171,Riyadh (RUH),Qatar Airways,A359 (A7-AMI),Landed 1:16 PM,Thursday Mar 07,arrivals
doh,1:20 PM,QR959,Jakarta (CGK),Qatar Airways,B77W (A7-BAY),Landed 1:00 PM,Thursday Mar 07,arrivals
doh,1:30 PM,QR1023,Dubai (DXB),Qatar Airways,A359 (A7-AMG),Landed 1:12 PM,Thursday Mar 07,arrivals
doh,1:35 PM,QR392,Almaty (ALA),Qatar Airways,320,Unknown,Thursday Mar 07,arrivals
doh,1:35 PM,QR1207,Taif (TIF),Qatar Airways,A320 (A7-LAG),Landed 1:14 PM,Thursday Mar 07,arrivals
doh,1:40 PM,QR1205,Neom (NUM),Qatar Airways (Oneworld Livery),A320 (A7-AHO),Landed 1:21 PM,Thursday Mar 07,arrivals
doh,1:45 PM,QR483,Tehran (IKA),Qatar Airways,A359 (A7-ALV),Landed 1:19 PM,Thursday Mar 07,arrivals
doh,1:50 PM,QR1191,Jeddah (JED),Qatar Airways,A35K (A7-AOC),Landed 1:31 PM,Thursday Mar 07,arrivals
doh,1:55 PM,QR641,Dhaka (DAC),Oman Air,A333 (A4O-DI),Landed 2:05 PM,Thursday Mar 07,arrivals
doh,2:00 PM,J25111,Baku (GYD),Azerbaijan Airlines,A319 (4K-AZ03),Landed 1:28 PM,Thursday Mar 07,arrivals
doh,2:00 PM,J9115,Kuwait City (KWI),Jazeera Airways,A320 (9K-CAJ),Landed 2:02 PM,Thursday Mar 07,arrivals
doh,2:00 PM,QR661,Colombo (CMB),Qatar Airways,B788 (A7-BCR),Landed 1:40 PM,Thursday Mar 07,arrivals
doh,2:00 PM,QR943,Singapore (SIN),Qatar Airways,A359 (A7-AMJ),Landed 1:45 PM,Thursday Mar 07,arrivals
doh,2:00 PM,SV540,Riyadh (RUH),Saudia,A320 (HZ-AS56),Landed 2:58 PM,Thursday Mar 07,arrivals
doh,2:30 PM,QR965,Denpasar (DPS),Qatar Airways,B788 (A7-BCD),Landed 2:09 PM,Thursday Mar 07,arrivals
doh,2:35 PM,QR1179,Medina (MED),Qatar Airways,B38M (A7-BSF),Landed 2:26 PM,Thursday Mar 07,arrivals
doh,2:40 PM,G9138,Sharjah (SHJ),Air Arabia,A320 (A6-ANP),Landed 3:00 PM,Thursday Mar 07,arrivals
doh,2:40 PM,QR1067,Sharjah (SHJ),Qatar Airways,B38M (A7-BSD),Landed 2:25 PM,Thursday Mar 07,arrivals
doh,3:15 PM,QR8695,Bengaluru (BLR),Qatar Cargo,B77L (A7-BFW),Landed 3:23 PM,Thursday Mar 07,arrivals
doh,3:30 PM,QR220,Bucharest (OTP),Qatar Airways,A320 (A7-AHB),Landed 3:02 PM,Thursday Mar 07,arrivals
doh,3:34 PM,QR3293,Frankfurt (FRA),Qatar Airways,B789 (A7-BHK),Landed 4:21 PM,Thursday Mar 07,arrivals
doh,4:00 PM,FZ17,Dubai (DXB),flydubai,B38M (A6-FKM),Landed 3:56 PM,Thursday Mar 07,arrivals
doh,4:05 PM,AI969,Mumbai (BOM),Air india (Star Alliance Livery),A20N (VT-EXO),Landed 4:46 PM,Thursday Mar 07,arrivals
doh,4:05 PM,IX373,Kozhikode (CCJ),Air India Express,B738 (VT-TGH),Landed 3:41 PM,Thursday Mar 07,arrivals
doh,4:05 PM,QR264,Warsaw (WAW),Qatar Airways,B788 (A7-BCN),Landed 3:30 PM,Thursday Mar 07,arrivals
doh,4:15 PM,QR116,Rome (FCO),Qatar Airways,A359 (A7-ALD),Landed 3:38 PM,Thursday Mar 07,arrivals
doh,4:20 PM,QR60,Munich (MUC),Qatar Airways,B789 (A7-BHB),Landed 4:06 PM,Thursday Mar 07,arrivals
doh,4:20 PM,QR403,Amman (AMM),Qatar Airways,A332 (A7-ACS),Landed 4:09 PM,Thursday Mar 07,arrivals
doh,4:25 PM,QR170,Stockholm (ARN),Qatar Airways (25 Years of Excellence Sticker),B788 (A7-BCX),Landed 4:10 PM,Thursday Mar 07,arrivals
doh,4:25 PM,QR190,Vienna (VIE),Qatar Airways,A320 (A7-AHQ),Landed 4:18 PM,Thursday Mar 07,arrivals
doh,4:30 PM,QR94,Zurich (ZRH),Qatar Airways,A359 (A7-ALR),Landed 3:58 PM,Thursday Mar 07,arrivals
doh,4:30 PM,QR216,Zagreb (ZAG),Qatar Airways (Oneworld Livery),A320 (A7-AHL),Landed 4:12 PM,Thursday Mar 07,arrivals
doh,4:30 PM,QR354,Baku (GYD),Qatar Airways,B38M (A7-BSC),Landed 4:02 PM,Thursday Mar 07,arrivals
doh,4:30 PM,QR124,Milan (MXP),Qatar Airways,A359 (A7-ALF),Landed 4:01 PM,Thursday Mar 07,arrivals
doh,4:35 PM,KU619,Kuwait City (KWI),Kuwait Airways,A20N (9K-AKL),Landed 4:26 PM,Thursday Mar 07,arrivals
doh,4:35 PM,QR42,Paris (CDG),Qatar Airways,B77W (A7-BAZ),Landed 4:47 PM,Thursday Mar 07,arrivals
doh,4:35 PM,QR162,Copenhagen (CPH),Qatar Airways,B789 (A7-BHG),Landed 4:07 PM,Thursday Mar 07,arrivals
doh,4:40 PM,QR780,Sao Paulo (GRU),Qatar Airways,B77L (A7-BBG),Landed 4:33 PM,Thursday Mar 07,arrivals
doh,4:40 PM,QR708,Washington (IAD),Qatar Airways,B77W (A7-BEH),Landed 4:24 PM,Thursday Mar 07,arrivals
doh,4:40 PM,QR88,Dusseldorf (DUS),Qatar Airways,B789 (A7-BHF),Landed 5:17 PM,Thursday Mar 07,arrivals
doh,4:40 PM,QR138,Barcelona (BCN),Qatar Airways,B789 (A7-BHC),Landed 4:51 PM,Thursday Mar 07,arrivals
doh,4:40 PM,QR266,Larnaca (LCA),Qatar Airways (25 Years of Excellence Sticker),A320 (A7-AHH),Landed 4:42 PM,Thursday Mar 07,arrivals
doh,4:45 PM,QR702,New York (JFK),Qatar Airways,B77W (A7-BER),Landed 4:59 PM,Thursday Mar 07,arrivals
doh,4:45 PM,QR80,Berlin (BER),Qatar Airways,B789 (A7-BHM),Landed 4:44 PM,Thursday Mar 07,arrivals
doh,4:45 PM,QR196,Brussels (BRU),Qatar Airways,B788 (A7-BDC),Landed 4:23 PM,Thursday Mar 07,arrivals
doh,4:45 PM,QR314,Ankara (ESB),Qatar Airways,A320 (A7-AHD),Landed 4:04 PM,Thursday Mar 07,arrivals
doh,4:50 PM,EY395,Abu Dhabi (AUH),Etihad Airways,A321 (A6-AEE),Landed 6:51 PM,Thursday Mar 07,arrivals
doh,4:55 PM,QR756,Atlanta (ATL),Qatar Airways (Formula 1 - Global Partner Livery),B77W (A7-BEL),Landed 4:49 PM,Thursday Mar 07,arrivals
doh,4:55 PM,QR1304,Cairo (CAI),Qatar Airways,A332 (A7-ACT),Landed 4:43 PM,Thursday Mar 07,arrivals
doh,4:55 PM,QR180,Oslo (OSL),Qatar Airways,B789 (A7-BHJ),Landed 4:34 PM,Thursday Mar 07,arrivals
doh,5:00 PM,QR726,Chicago (ORD),Qatar Airways,B77W (A7-BEF),Landed 5:22 PM,Thursday Mar 07,arrivals
doh,5:00 PM,QR764,Montreal (YUL),Qatar Airways,B77W (A7-BAM),Landed 4:36 PM,Thursday Mar 07,arrivals
doh,5:00 PM,QR1165,Riyadh (RUH),Qatar Airways (Expo 2023 Doha Livery),A333 (A7-AED),Landed 5:22 PM,Thursday Mar 07,arrivals
doh,5:00 PM,QR256,Tbilisi (TBS),Qatar Airways,B38M (A7-BSA),Landed 4:52 PM,Thursday Mar 07,arrivals
doh,5:05 PM,QR8176,Brussels (BRU),Qatar Cargo,B77L (A7-BFF),Landed 4:55 PM,Thursday Mar 07,arrivals
doh,5:05 PM,GF526,Bahrain (BAH),Gulf Air,A320 (A9C-AE),Landed 5:03 PM,Thursday Mar 07,arrivals
doh,5:05 PM,XY223,Riyadh (RUH),flynas,A20N (HZ-NS42),Landed 4:56 PM,Thursday Mar 07,arrivals
doh,5:15 PM,QR714,Houston (IAH),Qatar Airways,A35K (A7-ANL),Landed 5:00 PM,Thursday Mar 07,arrivals
doh,5:15 PM,QR738,San Francisco (SFO),Qatar Airways,A35K (A7-ANP),Landed 6:18 PM,Thursday Mar 07,arrivals
doh,5:15 PM,QR730,Dallas (DFW),Qatar Airways,A35K (A7-ANC),Landed 4:57 PM,Thursday Mar 07,arrivals
doh,5:15 PM,QR744,Boston (BOS),Qatar Airways,A359 (A7-ALI),Landed 5:12 PM,Thursday Mar 07,arrivals
doh,5:20 PM,QR32,Edinburgh (EDI),Qatar Airways,A359 (A7-ALX),Landed 5:06 PM,Thursday Mar 07,arrivals
doh,5:20 PM,QR1037,Sharjah (SHJ),Qatar Airways,B38M (A7-BSB),Landed 5:20 PM,Thursday Mar 07,arrivals
doh,5:30 PM,AA120,Philadelphia (PHL),American Airlines,B789 (N827AN),Landed 5:13 PM,Thursday Mar 07,arrivals
doh,5:30 PM,QR778,Miami (MIA),Qatar Airways,A35K (A7-ANB),Landed 5:26 PM,Thursday Mar 07,arrivals
doh,5:30 PM,QR20,Dublin (DUB),Qatar Airways,B788 (A7-BCU),Landed 5:19 PM,Thursday Mar 07,arrivals
doh,5:30 PM,RJ654,Amman (AMM),Royal Jordanian,A319 (JY-AYN),Landed 5:16 PM,Thursday Mar 07,arrivals
doh,5:35 PM,QR720,Seattle (SEA),Qatar Airways,B77W (A7-BEO),Landed 5:54 PM,Thursday Mar 07,arrivals
doh,5:35 PM,G9130,Sharjah (SHJ),Air Arabia,A320 (A6-ANO),Landed 5:37 PM,Thursday Mar 07,arrivals
doh,5:35 PM,IB6701,Madrid (MAD),LEVEL,A332 (EC-MYA),Landed 5:01 PM,Thursday Mar 07,arrivals
doh,5:35 PM,QR22,Manchester (MAN),Qatar Airways,B77W (A7-BEW),Landed 5:29 PM,Thursday Mar 07,arrivals
doh,5:35 PM,QR1316,Alexandria (HBE),Qatar Airways,A320 (A7-AHE),Landed 6:05 PM,Thursday Mar 07,arrivals
doh,5:35 PM,QR1499,Dar-es-Salaam (DAR),Oman Air,A333 (A4O-DH),Landed 5:27 PM,Thursday Mar 07,arrivals
doh,5:40 PM,QR417,Beirut (BEY),Qatar Airways (25 Years of Excellence Sticker),A320 (A7-AHG),Landed 5:25 PM,Thursday Mar 07,arrivals
doh,5:45 PM,OV235,Muscat (MCT),SalamAir,A20N (A4O-OVD),Landed 5:46 PM,Thursday Mar 07,arrivals
doh,5:45 PM,QR6,London (LHR),Qatar Airways,A359 (A7-AMH),Landed 5:14 PM,Thursday Mar 07,arrivals
doh,5:45 PM,QR36,Birmingham (BHX),Qatar Airways,B788 (A7-BCT),Landed 5:32 PM,Thursday Mar 07,arrivals
doh,5:50 PM,QR740,Los Angeles (LAX),Qatar Airways,A35K (A7-ANG),Delayed 7:31 PM,Thursday Mar 07,arrivals
doh,5:50 PM,QR1153,Dammam (DMM),Qatar Airways,A320 (A7-LAF),Landed 5:35 PM,Thursday Mar 07,arrivals
doh,5:55 PM,QR1051,Abu Dhabi (AUH),Qatar Airways,B38M (A7-BSH),Landed 5:42 PM,Thursday Mar 07,arrivals
doh,6:00 PM,QR240,Istanbul (IST),Qatar Airways (25 Years of Excellence Sticker),B788 (A7-BCY),Landed 5:40 PM,Thursday Mar 07,arrivals
doh,6:00 PM,FZ9,Dubai (DXB),flydubai,B38M (A6-FKN),Landed 5:57 PM,Thursday Mar 07,arrivals
doh,6:10 PM,QR242,Istanbul (SAW),Qatar Airways,A320 (A7-LAH),Landed 5:34 PM,Thursday Mar 07,arrivals
doh,6:10 PM,QR1123,Muscat (MCT),Qatar Airways,B38M (A7-BSG),Landed 6:06 PM,Thursday Mar 07,arrivals
doh,6:10 PM,QR8156,Amsterdam (AMS),Qatar Cargo,B77L (A7-BFV),Delayed 9:12 PM,Thursday Mar 07,arrivals
doh,6:15 PM,QR10,London (LHR),Qatar Airways,A359 (A7-AML),Landed 5:44 PM,Thursday Mar 07,arrivals
doh,6:15 PM,QR228,Sofia (SOF),Qatar Airways,A320 (A7-AHA),Landed 6:53 PM,Thursday Mar 07,arrivals
doh,6:20 PM,PR684,Manila (MNL),Philippine Airlines,A333 (RP-C8766),Landed 6:26 PM,Thursday Mar 07,arrivals
doh,6:25 PM,QR330,London (LGW),Qatar Airways (25 Years of Excellence Sticker),B788 (A7-BCW),Landed 6:31 PM,Thursday Mar 07,arrivals
doh,6:30 PM,QR204,Athens (ATH),Qatar Airways,A359 (A7-ALE),Landed 6:12 PM,Thursday Mar 07,arrivals
doh,6:30 PM,QR70,Frankfurt (FRA),Qatar Airways,320,Canceled,Thursday Mar 07,arrivals
doh,6:35 PM,6E1325,Kannur (CNN),IndiGo,A20N (VT-IJF),Landed 6:21 PM,Thursday Mar 07,arrivals
doh,6:45 PM,QR1111,Bahrain (BAH),Qatar Airways (25 Years of Excellence Sticker),A320 (A7-LAD),Landed 6:24 PM,Thursday Mar 07,arrivals
doh,6:45 PM,6E1143,Hyderabad (HYD),IndiGo,A21N (VT-IMI),Landed 6:28 PM,Thursday Mar 07,arrivals
doh,6:45 PM,6E1323,Cochin (COK),IndiGo,A20N (VT-IPN),Landed 6:37 PM,Thursday Mar 07,arrivals
doh,6:50 PM,QR232,Belgrade (BEG),Qatar Airways,A320 (A7-AHI),Landed 6:32 PM,Thursday Mar 07,arrivals
doh,7:10 PM,G981,Sharjah (SHJ),Air Arabia,A320 (A6-AOM),Landed 7:15 PM,Thursday Mar 07,arrivals
doh,7:15 PM,QR8037,Riyadh (RUH),Qatar Cargo,B77L (A7-BFQ),Delayed 7:57 PM,Thursday Mar 07,arrivals
doh,7:15 PM,6E1436,Delhi (DEL),IndiGo,A20N (VT-IIK),Landed 6:55 PM,Thursday Mar 07,arrivals
doh,7:40 PM,QR1061,Sharjah (SHJ),Qatar Airways,A320 (A7-LAE),Landed 7:27 PM,Thursday Mar 07,arrivals
doh,7:40 PM,XY511,Jeddah (JED),flynas,A20N (HZ-NS72),Landed 7:31 PM,Thursday Mar 07,arrivals
doh,8:05 PM,FZ5,Dubai (DXB),flydubai,B38M (A6-FKS),Estimated 7:53 PM,Thursday Mar 07,arrivals
doh,8:30 PM,QR647,Kathmandu (KTM),Qatar Airways,A333 (A7-AEJ),Estimated 8:12 PM,Thursday Mar 07,arrivals
doh,8:30 PM,WY661,Muscat (MCT),Oman Air,B738 (A4O-BAB),Estimated 8:12 PM,Thursday Mar 07,arrivals
doh,8:45 PM,QR8421,Hong Kong (HKG),Qatar Cargo,B77L (A7-BFZ),Estimated 8:18 PM,Thursday Mar 07,arrivals
doh,8:50 PM,IX475,Cochin (COK),Air India Express,A20N (VT-ATD),Estimated 8:33 PM,Thursday Mar 07,arrivals
doh,9:10 PM,QR276,Amsterdam (AMS),Qatar Airways,B77W (A7-BEB),Estimated 9:10 PM,Thursday Mar 07,arrivals
doh,9:15 PM,AI981,Mumbai (BOM),Air India,A20N (VT-CIP),Delayed 9:52 PM,Thursday Mar 07,arrivals
doh,9:20 PM,UL217,Colombo (CMB),SriLankan Airlines,A332 (4R-ALS),Estimated 9:10 PM,Thursday Mar 07,arrivals
doh,9:35 PM,AI971,Delhi (DEL),Air India,A321 (VT-PPL),Estimated 9:22 PM,Thursday Mar 07,arrivals
doh,9:45 PM,QR774,Sao Paulo (GRU),Qatar Airways,B77W (A7-BAK),Estimated 9:40 PM,Thursday Mar 07,arrivals
doh,9:50 PM,QR706,New York (JFK),Qatar Airways,B77W (A7-BAE),Estimated 9:31 PM,Thursday Mar 07,arrivals
doh,10:05 PM,QR675,Male (MLE),Qatar Airways,B77W (A7-BOH),Estimated 9:22 PM,Thursday Mar 07,arrivals
doh,10:15 PM,QR967,Medan (KNO),Qatar Airways (25 Years of Excellence Sticker),B788 (A7-BDA),Estimated 9:25 PM,Thursday Mar 07,arrivals
doh,10:20 PM,QR222,Bucharest (OTP),Qatar Airways,A320 (A7-AHC),Estimated 9:57 PM,Thursday Mar 07,arrivals
doh,10:21 PM,QR3255,Frankfurt (FRA),Qatar Airways,B77W (A7-BES),Estimated 10:24 PM,Thursday Mar 07,arrivals
doh,10:25 PM,QR732,Dallas (DFW),Qatar Airways,B77L (A7-BBB),Estimated 10:18 PM,Thursday Mar 07,arrivals
doh,10:25 PM,QR989,Melbourne (MEL),Qatar Airways,B77W (A7-BEM),Estimated 9:35 PM,Thursday Mar 07,arrivals
doh,10:30 PM,BS333,Dhaka (DAC),US-Bangla Airlines,B738 (S2-AJE),Delayed 11:09 PM,Thursday Mar 07,arrivals
doh,10:35 PM,QR56,Nice (NCE),Qatar Airways,B788 (A7-BCO),Estimated 10:14 PM,Thursday Mar 07,arrivals
doh,10:35 PM,QR835,Bangkok (BKK),Qatar Airways,A388 (A7-APH),Estimated 10:26 PM,Thursday Mar 07,arrivals
doh,10:40 PM,QR853,Kuala Lumpur (KUL),Qatar Airways,B788 (A7-BCJ),Estimated 10:44 PM,Thursday Mar 07,arrivals
doh,10:45 PM,QR200,Budapest (BUD),Qatar Airways,A320 (A7-AHW),Estimated 10:22 PM,Thursday Mar 07,arrivals
doh,10:45 PM,QR292,Prague (PRG),Qatar Airways,B788 (A7-BCH),Estimated 10:03 PM,Thursday Mar 07,arrivals
doh,10:45 PM,QR931,Angeles City (CRK),Qatar Airways,B788 (A7-BCM),Estimated 10:20 PM,Thursday Mar 07,arrivals
doh,10:45 PM,QR1408,Lagos (LOS),Qatar Airways,B788 (A7-BCF),Estimated 10:03 PM,Thursday Mar 07,arrivals
doh,10:45 PM,MF845,Beijing (PKX),Xiamen Air (United Dream Livery),B789 (B-1356),Estimated 10:22 PM,Thursday Mar 07,arrivals
doh,10:45 PM,QR86,Dusseldorf (DUS),Qatar Airways,B788 (A7-BDB),Delayed 11:48 PM,Thursday Mar 07,arrivals
doh,10:50 PM,QR82,Berlin (BER),Qatar Airways,B789 (A7-BHO),Estimated 10:48 PM,Thursday Mar 07,arrivals
doh,10:50 PM,QR128,Milan (MXP),Qatar Airways,B77W (A7-BAL),Estimated 10:37 PM,Thursday Mar 07,arrivals
doh,10:50 PM,QR184,Vienna (VIE),Qatar Airways,A359 (A7-ALL),Estimated 10:09 PM,Thursday Mar 07,arrivals
doh,10:50 PM,QR963,Denpasar (DPS),Qatar Airways,A35K (A7-AOA),Estimated 10:14 PM,Thursday Mar 07,arrivals
doh,10:50 PM,QR8447,Oslo (OSL),Qatar Cargo,B77L (A7-BTA),Estimated 10:09 PM,Thursday Mar 07,arrivals
doh,10:55 PM,QR132,Rome (FCO),Qatar Airways,A359 (A7-ALS),Estimated 10:22 PM,Thursday Mar 07,arrivals
doh,10:55 PM,QR1384,Entebbe (EBB),Qatar Airways,B788 (A7-BCS),Estimated 10:20 PM,Thursday Mar 07,arrivals
doh,11:00 PM,QR655,Colombo (CMB),Qatar Airways,A359 (A7-ALN),Estimated 10:31 PM,Thursday Mar 07,arrivals
doh,11:00 PM,QR679,Victoria (SEZ),Qatar Airways,B77L (A7-BBF),Estimated 10:33 PM,Thursday Mar 07,arrivals
doh,11:00 PM,QR817,Hong Kong (HKG),Qatar Airways (Retro 1997 Livery),B77W (A7-BOC),Estimated 11:09 PM,Thursday Mar 07,arrivals
doh,11:00 PM,QR957,Jakarta (CGK),Qatar Airways,B77W (A7-BED),Estimated 10:18 PM,Thursday Mar 07,arrivals
doh,11:05 PM,QR100,Geneva (GVA),Qatar Airways,A359 (A7-ALC),Estimated 10:48 PM,Thursday Mar 07,arrivals
doh,11:05 PM,QR218,Zagreb (ZAG),Qatar Airways (25 Years of Excellence Sticker),A320 (A7-AHT),Estimated 10:48 PM,Thursday Mar 07,arrivals
doh,11:05 PM,QR260,Warsaw (WAW),Qatar Airways,B788 (A7-BCQ),Estimated 10:35 PM,Thursday Mar 07,arrivals
doh,11:10 PM,QR194,Brussels (BRU),Qatar Airways,A359 (A7-ALH),Estimated 10:52 PM,Thursday Mar 07,arrivals
doh,11:10 PM,QR673,Male (MLE),Qatar Airways,B77W (A7-BOD),Estimated 10:33 PM,Thursday Mar 07,arrivals
doh,11:10 PM,QR1364,Johannesburg (JNB),Qatar Airways,A359 (A7-ALA),Estimated 10:39 PM,Thursday Mar 07,arrivals
doh,11:10 PM,AT216,Casablanca (CMN),Royal Air Maroc,B789 (CN-RAM),Estimated 10:56 PM,Thursday Mar 07,arrivals
doh,11:15 PM,QR1336,Nairobi (NBO),Qatar Airways,B77W (A7-BEJ),Estimated 10:31 PM,Thursday Mar 07,arrivals
doh,11:15 PM,QR1400,Tunis (TUN),Oman Air,A333 (A4O-DJ),Estimated 11:07 PM,Thursday Mar 07,arrivals
doh,11:20 PM,QR68,Frankfurt (FRA),Qatar Airways,320,Canceled,Thursday Mar 07,arrivals
doh,11:20 PM,QR933,Manila (MNL),Qatar Airways,B77W (A7-BEA),Estimated 11:03 PM,Thursday Mar 07,arrivals
doh,11:20 PM,QR977,Hanoi (HAN),Qatar Airways,B789 (A7-BHP),Estimated 11:01 PM,Thursday Mar 07,arrivals
doh,11:20 PM,QR58,Munich (MUC),Qatar Airways,B789 (A7-BHA),Estimated 11:07 PM,Thursday Mar 07,arrivals
doh,11:20 PM,QR1370,Cape Town (CPT),Qatar Airways,A359 (A7-ALM),Estimated 10:37 PM,Thursday Mar 07,arrivals
doh,11:25 PM,QR146,Barcelona (BCN),Qatar Airways,B789 (A7-BHE),Estimated 10:52 PM,Thursday Mar 07,arrivals
doh,11:25 PM,QR947,Singapore (SIN),Qatar Airways,A35K (A7-ANH),Estimated 11:05 PM,Thursday Mar 07,arrivals
doh,11:25 PM,QR1488,Zanzibar (ZNZ),Qatar Airways,A320 (A7-AHP),Estimated 10:54 PM,Thursday Mar 07,arrivals
doh,11:25 PM,6E69,Chennai (MAA),IndiGo,A20N (VT-IZQ),Estimated 11:09 PM,Thursday Mar 07,arrivals
doh,11:30 PM,QR96,Zurich (ZRH),Qatar Airways,A359 (A7-ALP),Estimated 10:56 PM,Thursday Mar 07,arrivals
doh,11:30 PM,AY1985,Copenhagen (CPH),Finnair,A333 (OH-LTU),Estimated 11:13 PM,Thursday Mar 07,arrivals
doh,11:30 PM,6E1317,Hyderabad (HYD),IndiGo,A20N (VT-IQG),Estimated 11:05 PM,Thursday Mar 07,arrivals
doh,11:35 PM,QR274,Amsterdam (AMS),Qatar Airways,B77W (A7-BAH),Estimated 11:30 PM,Thursday Mar 07,arrivals
doh,11:35 PM,QR1380,Algiers (ALG),Qatar Airways,A333 (A7-AEG),Delayed 11:58 PM,Thursday Mar 07,arrivals
doh,11:40 PM,QR176,Oslo (OSL),Qatar Airways,B789 (A7-BHD),Estimated 11:05 PM,Thursday Mar 07,arrivals
doh,11:40 PM,MH160,Kuala Lumpur (KUL),Malaysia Airlines,A359 (9M-MAE),Delayed 12:00 AM,Thursday Mar 07,arrivals
doh,11:45 PM,QR40,Paris (CDG),Qatar Airways,B77W (A7-BAV),Estimated 11:22 PM,Thursday Mar 07,arrivals
doh,11:45 PM,QR48,Toulouse (TLS),Qatar Airways,A332 (A7-ACM),Estimated 11:16 PM,Thursday Mar 07,arrivals
doh,11:50 PM,BA2033,London (LGW),British Airways,B772 (G-YMMG),Estimated 11:41 PM,Thursday Mar 07,arrivals
doh,11:50 PM,QR847,Phuket (HKT),Qatar Airways,B77W (A7-BOF),Estimated 11:22 PM,Thursday Mar 07,arrivals
doh,11:50 PM,QR971,Ho Chi Minh City (SGN),Qatar Airways (Oneworld Livery),B77W (A7-BAA),Estimated 11:35 PM,Thursday Mar 07,arrivals
doh,11:50 PM,AY1983,Stockholm (ARN),Finnair,A333 (OH-LTT),Estimated 11:37 PM,Thursday Mar 07,arrivals
doh,11:50 PM,AY1981,Helsinki (HEL),Finnair (Marimekko Unikko Livery),A333 (OH-LTO),Estimated 11:30 PM,Thursday Mar 07,arrivals
doh,11:55 PM,QR150,Madrid (MAD),Qatar Airways,B77W (A7-BEQ),Estimated 11:41 PM,Thursday Mar 07,arrivals
doh,11:55 PM,QR4,London (LHR),Qatar Airways,A388 (A7-APJ),Estimated 11:56 PM,Thursday Mar 07,arrivals
doh,12:05 AM,QR18,Dublin (DUB),Qatar Airways,B788 (A7-BCA),Estimated 11:48 PM,Friday Mar 08,arrivals
doh,12:05 AM,QR28,Manchester (MAN),Qatar Airways,A35K (A7-ANA),Estimated 11:58 PM,Friday Mar 08,arrivals
doh,12:05 AM,QR803,Osaka (KIX),Qatar Airways,A359 (A7-ALY),Estimated 11:52 PM,Friday Mar 08,arrivals
doh,12:05 AM,QR833,Bangkok (BKK),Qatar Airways,B77W (A7-BAX),Estimated 11:48 PM,Friday Mar 08,arrivals
doh,12:05 AM,QR1434,Abuja (ABV),Qatar Airways (25 Years of Excellence Sticker),B788 (A7-BCB),Estimated 10:50 PM,Friday Mar 08,arrivals
doh,12:10 AM,QR30,Edinburgh (EDI),Qatar Airways,A359 (A7-ALB),Estimated 12:15 AM,Friday Mar 08,arrivals
doh,12:10 AM,QR1476,Kilimanjaro (JRO),Qatar Airways,B788 (A7-BCC),Estimated 10:58 PM,Friday Mar 08,arrivals
doh,12:15 AM,BA123,London (LHR),British Airways,B772 (G-VIIV),Estimated 11:50 PM,Friday Mar 08,arrivals
doh,12:20 AM,QR921,Auckland (AKL),Qatar Airways,A35K (A7-ANJ),Estimated 11:33 PM,Friday Mar 08,arrivals
doh,12:35 AM,QR8,London (LHR),Qatar Airways,A359 (A7-AME),Estimated 12:11 AM,Friday Mar 08,arrivals
doh,1:05 AM,QR8453,Hong Kong (HKG),Qatar Cargo,B77L (A7-BFO),Delayed 1:38 AM,Friday Mar 08,arrivals
doh,1:10 AM,QR8146,Frankfurt (FRA),Qatar Cargo,B77L (A7-BFR),Estimated 12:47 AM,Friday Mar 08,arrivals
doh,3:40 AM,QR905,Melbourne (MEL),Qatar Airways,B77W (A7-BEI),Estimated 2:51 AM,Friday Mar 08,arrivals
doh,3:55 AM,QR936,Davao City (DVO),Qatar Airways,B788 (A7-BDD),Estimated 3:19 AM,Friday Mar 08,arrivals
doh,4:05 AM,QR915,Adelaide (ADL),Qatar Airways,B77W (A7-BET),Estimated 3:21 AM,Friday Mar 08,arrivals
doh,4:35 AM,QR72,Frankfurt (FRA),Qatar Airways,789,Canceled,Friday Mar 08,arrivals
doh,4:40 AM,QR929,Manila (MNL),Qatar Airways,B77W (A7-BAS),Estimated 4:50 AM,Friday Mar 08,arrivals
doh,4:50 AM,QR909,Sydney (SYD),Qatar Airways,A388 (A7-APG),Estimated 3:59 AM,Friday Mar 08,arrivals
doh,4:55 AM,QR807,Tokyo (NRT),Qatar Airways,B77L (A7-BBA),Estimated 4:16 AM,Friday Mar 08,arrivals
doh,5:00 AM,MF831,Xiamen (XMN),Xiamen Air,B788 (B-2761),Estimated 4:59 AM,Friday Mar 08,arrivals
doh,5:00 AM,QR961,Denpasar (DPS),Qatar Airways,A35K (A7-AOB),Estimated 4:46 AM,Friday Mar 08,arrivals
doh,5:10 AM,QR859,Seoul (ICN),Qatar Airways,A35K (A7-AOD),Estimated 4:12 AM,Friday Mar 08,arrivals
doh,5:25 AM,QR901,Perth (PER),Qatar Airways,A388 (A7-APC),Estimated 4:48 AM,Friday Mar 08,arrivals
doh,5:35 AM,QR871,Shanghai (PVG),Qatar Airways,B77W (A7-BAN),Estimated 5:10 AM,Friday Mar 08,arrivals
doh,5:45 AM,QR899,Brisbane (BNE),Qatar Airways,B77W (A7-BEX),Estimated 5:10 AM,Friday Mar 08,arrivals
doh,6:50 AM,QR704,New York (JFK),Qatar Airways (Oneworld Livery),B77W (A7-BAF),Estimated 6:52 AM,Friday Mar 08,arrivals
doh,6:50 AM,QR813,Tokyo (HND),Qatar Airways,A35K (A7-AND),Estimated 6:22 AM,Friday Mar 08,arrivals
